date,start_equity,end_equity,cash,market_value,daily_return,drawdown,turnover,trading_cost
2026-05-11,1000000.0,999092.23825,564541.23825,434551.0,-0.0009077617499999469,0.0009077617499999469,864535.0,907.7617500000001
2026-05-12,999092.23825,994491.23825,564541.23825,427449.0,-0.004605180406624983,0.005508761749999947,0.0,0.0
2026-05-13,994491.23825,998499.23825,564541.23825,430017.0,0.004030201419424119,0.001500761749999947,0.0,0.0
2026-05-14,998499.23825,1001506.23825,564541.23825,425200.0,0.0030115195733851127,0.0,0.0,0.0
2026-05-15,1001506.23825,1006643.23825,564541.23825,421336.0,0.0051292740911691465,0.0,0.0,0.0
2026-05-18,1006643.23825,1011355.12165,585979.12165,426376.0,0.004680787811371298,0.0,1500692.0,1765.1166
2026-05-19,1011355.12165,1004038.12165,585979.12165,426900.0,-0.007234847427343327,0.007234847427343327,0.0,0.0
2026-05-20,1004038.12165,1009681.12165,585979.12165,424849.0,0.005620304526611497,0.0016552049464770712,0.0,0.0
2026-05-21,1009681.12165,1008984.12165,585979.12165,421482.0,-0.0006903169575568345,0.0023443792879911203,0.0,0.0
2026-05-22,1008984.12165,1007672.12165,585979.12165,419761.0,-0.0013003177868195544,0.0036416486367234486,0.0,0.0
2026-05-25,1007672.12165,999234.1566500001,555031.1566500001,444775.0,-0.00837372079539445,0.011984875283199048,1298820.0,1488.9650000000001
2026-05-26,999234.1566500001,1016767.1566500001,555031.1566500001,456912.0,0.017546437822722718,0.0,0.0,0.0
2026-05-27,1016767.1566500001,1011015.1566500001,555031.1566500001,447754.0,-0.005657145751001082,0.005657145751001082,0.0,0.0
2026-05-28,1011015.1566500001,995752.1566500001,555031.1566500001,439815.0,-0.01509670740305612,0.020668448879917898,0.0,0.0
2026-05-29,995752.1566500001,1005687.1566500001,555031.1566500001,443930.0,0.00997738235729685,0.010897283539828231,0.0,0.0
2026-06-01,1005687.1566500001,1010033.1620500002,565910.1620500002,447203.0,0.004321428757703151,0.00662294661659494,1279692.0,1512.9946000000004
2026-06-02,1010033.1620500002,995115.1620500002,565910.1620500002,445485.0,-0.014769812081933906,0.02129493902157306,0.0,0.0
2026-06-03,995115.1620500002,988212.1620500002,565910.1620500002,446802.0,-0.006936885561847318,0.02808410402838121,0.0,0.0
2026-06-04,988212.1620500002,977674.1620500002,565910.1620500002,444593.0,-0.010663701991017202,0.03844832550335503,0.0,0.0
2026-06-05,977674.1620500002,987833.1620500002,565910.1620500002,444411.0,0.010390987503135477,0.0284568540700414,0.0,0.0
2026-06-08,987833.1620500002,977373.8899500007,550365.8899500007,432968.0,-0.010588095745129552,0.03874364591967217,1284472.0,1538.2721000000001
2026-06-09,977373.8899500007,977533.8899500007,550365.8899500007,439836.0,0.0001637039843658859,0.038586284424512195,0.0,0.0
2026-06-10,977533.8899500007,976069.8899500007,550365.8899500007,434983.0,-0.0014976462862836206,0.04002614210522597,0.0,0.0
2026-06-11,976069.8899500007,976057.8899500007,550365.8899500007,435248.0,-1.2294201597197821e-05,0.04003794421736296,0.0,0.0
2026-06-12,976057.8899500007,986373.8899500007,550365.8899500007,448531.0,0.010569045244363985,0.02989206181692361,0.0,0.0
2026-06-15,986373.8899500007,991038.2326500007,552624.2326500007,438414.0,0.004728777543205724,0.02530463718435787,1667196.0,1980.6573
2026-06-16,991038.2326500007,985346.2326500007,552624.2326500007,433926.0,-0.005743471656769281,0.03090277237467396,0.0,0.0
2026-06-17,985346.2326500007,982215.2326500007,552624.2326500007,431397.0,-0.003177563272941588,0.03398214013308571,0.0,0.0
2026-06-18,982215.2326500007,976715.2326500007,552624.2326500007,429192.0,-0.005599587358425596,0.039391441529209835,0.0,0.0
2026-06-22,976715.2326500007,968160.2326500007,552624.2326500007,432606.0,-0.008758950115673712,0.04780536397354472,0.0,0.0
2026-06-23,968160.2326500007,973000.9926500007,543076.9926500007,427777.0,0.00499995748301923,0.04304443127785347,804990.0,950.2400000000002
2026-06-24,973000.9926500007,967428.9926500007,543076.9926500007,423681.0,-0.005726612862772598,0.048524545346799584,0.0,0.0
2026-06-25,967428.9926500007,961803.9926500007,543076.9926500007,420439.0,-0.005814380220910982,0.05405678541101744,0.0,0.0
2026-06-26,961803.9926500007,960200.9926500007,543076.9926500007,403290.0,-0.0016666597479839426,0.05563335089065143,0.0,0.0
2026-06-29,960200.9926500007,962169.9926500007,543076.9926500007,406794.0,0.0020506123354089396,0.05369682099083899,0.0,0.0
2026-06-30,962169.9926500007,958582.1235500008,535614.1235500008,417440.0,-0.0037289347281743994,0.05722552377842809,968332.0,1145.8691000000001
2026-07-01,958582.1235500008,963542.1235500008,535614.1235500008,424967.0,0.005174308886161156,0.05234731742846888,0.0,0.0
2026-07-02,963542.1235500008,980876.1235500008,535614.1235500008,429591.0,0.01798987255080861,0.035299166446575145,0.0,0.0
2026-07-03,980876.1235500008,985799.1235500008,535614.1235500008,437091.0,0.0050189823993091074,0.030457349942371682,0.0,0.0
2026-07-06,985799.1235500008,1000897.1235500008,535614.1235500008,443911.0,0.015315493429969775,0.015608325855338593,0.0,0.0
2026-07-07,1000897.1235500008,996318.576400001,554421.576400001,439782.0,-0.004574443309179074,0.020111369762741225,1346693.0,1577.5471500000003
2026-07-08,996318.576400001,1006070.576400001,554421.576400001,439252.0,0.009788033898993345,0.010520186632740782,0.0,0.0
2026-07-09,1006070.576400001,995492.576400001,554421.576400001,434714.0,-0.01051417291006662,0.020923748481504596,0.0,0.0
2026-07-10,995492.576400001,1006498.576400001,554421.576400001,439838.0,0.011055833324042445,0.01009924463318785,0.0,0.0
2026-07-13,1006498.576400001,1020775.576400001,554421.576400001,439507.0,0.014184818870847622,0.0,0.0,0.0
2026-07-14,1020775.576400001,1015163.2311500013,564688.2311500013,446979.0,-0.0054981186656060934,0.0054981186656060934,1203085.0,1405.3452500000003
2026-07-15,1015163.2311500013,1011494.2311500013,564688.2311500013,451094.0,-0.0036141970940413875,0.009092444475143553,0.0,0.0
2026-07-16,1011494.2311500013,1012324.2311500013,564688.2311500013,448022.0,0.0008205681994412816,0.008279337246493759,0.0,0.0
2026-07-17,1012324.2311500013,1013416.2311500013,564688.2311500013,444400.0,0.0010787057806168356,0.007209562434824393,0.0,0.0
2026-07-20,1013416.2311500013,1028031.2311500013,564688.2311500013,467875.0,0.014421517586525366,0.0,0.0,0.0
2026-07-21,1028031.2311500013,1030365.7434000014,582994.7434000014,447371.0,0.002270857323457631,0.0,1456685.0,1737.4877500000002
2026-07-22,1030365.7434000014,1024607.7434000014,582994.7434000014,443410.0,-0.0055883069064386285,0.0055883069064386285,0.0,0.0
2026-07-23,1024607.7434000014,1048763.7434000014,582994.7434000014,460406.0,0.023575851495951095,0.0,0.0,0.0
2026-07-24,1048763.7434000014,1038506.7434000014,582994.7434000014,446373.0,-0.009780086377459706,0.009780086377459706,0.0,0.0
2026-07-27,1038506.7434000014,1049511.7434000014,582994.7434000014,459153.0,0.010596946115121379,0.0,0.0,0.0
2026-07-28,1049511.7434000014,1049479.7100000014,600617.7100000014,451532.0,-3.052219301167371e-05,3.052219301167371e-05,1175368.0,1375.0334000000003
