symbol,regime,trades,win_rate_pct,net_pnl
AG_IDX,BULL_TREND,275,82.9090909090909,61613.39864999989
AG_IDX,GRINDING_CHOP,136,81.61764705882352,38225.26529999974
AG_IDX,PANIC_CRASH,326,83.12883435582822,84541.88411249986
AG_IDX,WHIPSAW_RANGE,284,86.61971830985915,110020.85310000004
AU_IDX,BULL_TREND,310,83.87096774193549,274555.9514000106
AU_IDX,GRINDING_CHOP,179,81.00558659217877,72832.42400000663
AU_IDX,PANIC_CRASH,281,79.7153024911032,354920.13720001036
AU_IDX,WHIPSAW_RANGE,291,85.56701030927834,643288.7768214387
RB_IDX,BULL_TREND,326,77.30061349693251,75448.72837499983
RB_IDX,GRINDING_CHOP,114,64.03508771929825,17126.299100000106
RB_IDX,PANIC_CRASH,388,78.35051546391753,95654.09055000014
RB_IDX,WHIPSAW_RANGE,329,84.49848024316108,116922.36315714274
HC_IDX,BULL_TREND,305,77.70491803278688,71934.33759285734
HC_IDX,GRINDING_CHOP,99,53.535353535353536,-707.3241999996299
HC_IDX,PANIC_CRASH,370,75.67567567567568,87363.10461785705
HC_IDX,WHIPSAW_RANGE,328,81.70731707317073,101474.8066178569
J_IDX,BULL_TREND,300,75.0,62180.52850000014
J_IDX,GRINDING_CHOP,134,63.43283582089553,12497.466964285606
J_IDX,PANIC_CRASH,388,76.80412371134021,140371.54169642864
J_IDX,WHIPSAW_RANGE,351,80.62678062678063,223494.59260714296
CU_IDX,BULL_TREND,289,78.54671280276817,151568.46280357148
CU_IDX,GRINDING_CHOP,143,81.11888111888112,34424.31924999999
CU_IDX,PANIC_CRASH,331,82.77945619335347,314747.562875
CU_IDX,WHIPSAW_RANGE,283,79.50530035335689,338018.016
I_IDX,BULL_TREND,286,64.6853146853147,25276.555249999932
I_IDX,GRINDING_CHOP,28,53.57142857142857,-1534.041499999968
I_IDX,PANIC_CRASH,387,70.02583979328165,58781.229464285614
I_IDX,WHIPSAW_RANGE,351,75.78347578347578,60716.17299999996
JM_IDX,BULL_TREND,290,72.75862068965517,58749.91559999992
JM_IDX,GRINDING_CHOP,129,57.36434108527132,4162.313700000314
JM_IDX,PANIC_CRASH,376,77.3936170212766,72259.74825000008
JM_IDX,WHIPSAW_RANGE,305,76.72131147540983,76634.98076785698
ZN_IDX,BULL_TREND,262,77.09923664122137,41755.36178571428
ZN_IDX,GRINDING_CHOP,127,77.16535433070865,31240.953499999996
ZN_IDX,PANIC_CRASH,329,79.63525835866263,69143.76418750003
ZN_IDX,WHIPSAW_RANGE,284,84.50704225352112,113643.89025
SN_IDX,BULL_TREND,308,81.4935064935065,98216.83502499998
SN_IDX,GRINDING_CHOP,159,85.53459119496856,47926.07859999999
SN_IDX,PANIC_CRASH,337,80.71216617210682,207750.314
SN_IDX,WHIPSAW_RANGE,277,87.36462093862815,269998.7460892857
AL_IDX,BULL_TREND,333,78.37837837837837,79623.7245
AL_IDX,GRINDING_CHOP,117,67.52136752136752,15093.175250000002
AL_IDX,PANIC_CRASH,391,78.26086956521739,98795.1353125
AL_IDX,WHIPSAW_RANGE,311,81.02893890675242,98594.31575000001
SC_IDX,BULL_TREND,356,80.33707865168539,335426.92199998326
SC_IDX,GRINDING_CHOP,150,80.0,38870.902999992526
SC_IDX,PANIC_CRASH,405,80.0,569788.5938214106
SC_IDX,WHIPSAW_RANGE,315,80.63492063492063,624603.0624999858
RU_IDX,BULL_TREND,272,75.36764705882352,40120.765
RU_IDX,GRINDING_CHOP,105,65.71428571428571,13421.970303571403
RU_IDX,PANIC_CRASH,364,76.37362637362637,107113.23637500001
RU_IDX,WHIPSAW_RANGE,323,82.04334365325077,141881.91750000004
TA_IDX,BULL_TREND,289,75.4325259515571,57803.38550000012
TA_IDX,GRINDING_CHOP,100,61.0,12929.698300000566
TA_IDX,PANIC_CRASH,367,78.2016348773842,78841.9640928572
TA_IDX,WHIPSAW_RANGE,323,84.21052631578947,112659.62677142868
MA_IDX,BULL_TREND,262,69.46564885496184,55223.24199999997
MA_IDX,GRINDING_CHOP,81,49.382716049382715,-7003.255999999999
MA_IDX,PANIC_CRASH,343,81.04956268221575,95243.76322499997
MA_IDX,WHIPSAW_RANGE,318,81.44654088050315,100102.8015
SA_IDX,BULL_TREND,315,66.34920634920634,41784.635399999795
SA_IDX,GRINDING_CHOP,60,58.333333333333336,1370.5738000000829
SA_IDX,PANIC_CRASH,396,67.17171717171718,56678.1768071428
SA_IDX,WHIPSAW_RANGE,345,79.13043478260869,87940.72039999987
SI_IDX,BULL_TREND,258,72.86821705426357,53181.01149999999
SI_IDX,GRINDING_CHOP,82,54.87804878048781,-180.75150000000093
SI_IDX,PANIC_CRASH,356,78.93258426966293,76048.96054464288
SI_IDX,WHIPSAW_RANGE,305,76.0655737704918,76302.54625000001
FG_IDX,BULL_TREND,274,61.67883211678832,8236.490214285725
FG_IDX,GRINDING_CHOP,30,56.666666666666664,2304.567799999885
FG_IDX,PANIC_CRASH,363,69.42148760330579,56774.73650000001
FG_IDX,WHIPSAW_RANGE,344,74.70930232558139,64049.3366
LC_IDX,BULL_TREND,257,66.14785992217898,27086.768
LC_IDX,GRINDING_CHOP,42,47.61904761904761,-2799.953500000001
LC_IDX,PANIC_CRASH,351,68.94586894586895,22261.49673214285
LC_IDX,WHIPSAW_RANGE,372,76.88172043010752,76844.9395
CF_IDX,BULL_TREND,284,74.29577464788733,53848.3390625
CF_IDX,GRINDING_CHOP,100,57.99999999999999,2386.5164999999984
CF_IDX,PANIC_CRASH,348,80.45977011494253,86055.792
CF_IDX,WHIPSAW_RANGE,319,82.44514106583071,77604.40675
SR_IDX,BULL_TREND,329,75.07598784194529,55171.75234999989
SR_IDX,GRINDING_CHOP,163,77.30061349693251,42390.439971428736
SR_IDX,PANIC_CRASH,375,80.80000000000001,99320.17969999989
SR_IDX,WHIPSAW_RANGE,340,82.94117647058825,93133.75519999993
C_IDX,BULL_TREND,243,67.07818930041152,35272.39805714275
C_IDX,GRINDING_CHOP,93,65.59139784946237,-120.42069999977002
C_IDX,PANIC_CRASH,365,77.26027397260275,80024.49957857149
C_IDX,WHIPSAW_RANGE,335,79.70149253731343,91533.57319999994
M_IDX,BULL_TREND,309,76.37540453074433,59566.95626071427
M_IDX,GRINDING_CHOP,99,65.65656565656566,5612.70990000049
M_IDX,PANIC_CRASH,352,79.82954545454545,93703.85869999995
M_IDX,WHIPSAW_RANGE,328,80.1829268292683,102260.50229999998
Y_IDX,BULL_TREND,320,77.5,67321.99499999988
Y_IDX,GRINDING_CHOP,120,68.33333333333333,22983.354799999805
Y_IDX,PANIC_CRASH,422,79.38388625592417,99960.11160714281
Y_IDX,WHIPSAW_RANGE,340,78.23529411764706,69942.47938571428
P_IDX,BULL_TREND,324,77.77777777777779,63658.12491428548
P_IDX,GRINDING_CHOP,134,77.61194029850746,30315.935599999895
P_IDX,PANIC_CRASH,363,77.96143250688705,94834.50240000008
P_IDX,WHIPSAW_RANGE,365,82.46575342465754,119393.7464
