symbol,name,track,bars,trade_count,win_rate_pct,win_rate_ci95_low,win_rate_ci95_high,profit_factor,expectancy,net_pnl,return_pct,max_drawdown_pct,sharpe,sortino,avg_holding_hours,fees,slippage,cost_to_gross_pct,ledger_reconciled,status,holdout_trades,holdout_net_pnl,parameter_profitable,parameter_total,stress_3x_net_pnl
AG_IDX,沪银,real,8136,120,62.5,53.57678452838708,70.64770869521469,0.9411095016503253,-35.679463571428414,-4281.535628570942,-0.4281535628570942,2.4256768129142485,-0.18815250701239425,-0.03253501958362723,0.21875,3777.9642000000003,4800.0,12.536887777710863,True,REJECTED,,,,,
AG_IDX,沪银,synthetic,160000,1021,83.83937316356513,81.45533927262936,85.96971451129198,5.003296721086454,288.34613238246766,294401.401162497,7.360035029062424,0.14642150724551853,6.274835414935607,1.5486321756773636,0.11214495592556317,17787.92026607143,54270.0,19.584088906748008,True,REJECTED,505.0,136037.8770000001,16.0,16.0,150405.54263035674
AU_IDX,沪金,real,8136,113,66.3716814159292,57.25004846938809,74.41675513480769,0.8562174391881509,-135.52426567632335,-15314.242021423765,-1.5314242021423765,4.596184266438354,-0.39689418147791866,-0.057732651414292804,0.21238938053097345,11338.099164285715,4520.0,17.38912655032103,True,REJECTED,,,,,
AU_IDX,沪金,synthetic,160000,1061,82.7521206409048,80.36169681548928,84.90622660147713,5.8096978433372914,1268.2349570419096,1345597.2894214683,33.63993223553671,0.5889624028527337,6.249511743924654,1.4919111857390077,0.11192271442035816,62585.42486428572,42440.0,6.461652396989885,True,REJECTED,546.0,701199.2102000194,16.0,16.0,1135586.4456929353
RB_IDX,螺纹钢,real,8211,36,47.22222222222222,31.985792907209337,62.99432837306054,0.219678359686623,-628.4698619047541,-22624.91502857115,-2.2624915028571153,2.39494429638848,-2.854569351712445,-0.3088238031914246,0.2569444444444444,2806.629314285714,18000.0,326.66390337843694,True,REJECTED,,,,,
RB_IDX,螺纹钢,synthetic,200000,1157,78.3923941227312,75.92896239802512,80.66790663216815,3.624055507860401,263.74371752994193,305151.4811821447,6.103029623642895,0.11653344414108996,5.592680966704199,1.401347197126974,0.11300777873811582,21186.018817857144,120300.0,33.57192318963701,True,REJECTED,450.0,101105.48885714286,16.0,16.0,22519.43454643048
HC_IDX,热卷,real,8015,43,44.18604651162791,30.43308562392133,58.89264193448829,0.6131057890996667,-201.16056337209554,-8649.90422500018,-0.864990422500018,1.0360416282577385,-0.9954541686678032,-0.11050003359700171,0.22093023255813954,3589.832796428572,21760.0,184.9356401228544,True,REJECTED,,,,,
HC_IDX,热卷,synthetic,200000,1102,76.04355716878403,73.43579744608436,78.47037067057899,3.2095236258011464,235.99357951776014,260064.92462857312,5.201298492571462,0.13438925845284128,5.043561129844405,1.2540630206411125,0.12681488203266789,19868.503942857144,120660.0,37.19980929089791,True,REJECTED,461.0,115481.8414178578,16.0,16.0,-20212.128257140517
J_IDX,焦炭,real,8015,61,50.81967213114754,38.602406453230195,62.93981335627482,0.5796435784094159,-168.17509777517444,-10258.680964285275,-1.0258680964285274,1.4107455964285416,-1.0871375602313398,-0.14190115432599815,0.27049180327868855,1656.5381071428571,9900.0,81.69451320380375,True,REJECTED,,,,,
J_IDX,焦炭,synthetic,200000,1173,75.95907928388746,73.43133796103272,78.3173425750734,3.2984543560662227,373.8654132718306,438544.12976785074,8.770882595357014,0.17094038037536002,5.009660037750355,1.2417666157130773,0.11828644501278772,27609.79880357143,133800.0,25.647320510895643,True,REJECTED,489.0,192201.13705356792,16.0,16.0,116524.59216071828
CU_IDX,沪铜,real,8223,94,48.93617021276596,39.072589513953446,58.88329019365559,0.8139229711134167,-84.08996941489264,-7904.457124999259,-0.7904457124999259,1.4908614124999848,-0.5359599387009466,-0.0945065812037888,0.23138297872340424,7035.528553571429,15300.0,64.60016740858381,True,REJECTED,,,,,
CU_IDX,沪铜,synthetic,160000,1046,80.49713193116635,77.98612960339904,82.78494290887328,4.846275865228386,801.872237981426,838758.3609285709,20.968959023214275,0.3493710853865592,5.700787695073835,1.3030326024022154,0.1015774378585086,41763.067642857146,106400.0,14.019592706861298,True,REJECTED,525.0,433858.69499999983,16.0,16.0,542932.2106428593
I_IDX,铁矿石,real,8015,31,29.032258064516128,16.095620718432873,46.592659957540675,0.3216481576344996,-216.68193548387097,-6717.1399999993155,-0.6717139999999315,0.7728651999999303,-1.6190295069299556,-0.17051308086803402,0.1774193548387097,1517.1400000000003,20000.0,675.575803196675,True,REJECTED,,,,,
I_IDX,铁矿石,synthetic,240000,1052,70.05703422053232,67.22041847128017,72.7476979583055,2.243688079451103,136.15961617327523,143239.91621428414,2.3873319369047357,0.09801830192493234,3.4220471194988895,0.8230951523038724,0.1195342205323194,14294.3695,179500.0,74.99392562511714,True,REJECTED,326.0,39747.384464285686,16.0,16.0,-244707.28042857163
JM_IDX,焦煤,real,8015,75,49.333333333333336,38.32981847341953,60.401815587786736,0.6610426910878515,-123.18417142856994,-9238.812857142533,-0.9238812857142533,1.2049362007418787,-0.9636638712358805,-0.14533250206030296,0.21,1910.2414285714287,16860.0,104.176361221183,True,REJECTED,,,,,
JM_IDX,焦煤,synthetic,200000,1100,73.63636363636364,70.9535320977772,76.1546761813817,2.934912793380119,192.55178028896117,211806.95831785887,4.2361391663571775,0.09668509174855018,4.394878127554575,1.0916355003186389,0.12522727272727271,18459.97025357143,135720.0,47.990351268640985,True,REJECTED,416.0,80658.66600000078,16.0,16.0,-98354.80072499765
ZN_IDX,沪锌,real,8015,48,56.25,42.27477150100165,69.29894535958907,0.841412124400884,-78.21787239583132,-3754.457874999731,-0.3754457874999731,1.1129381202209836,-0.3831151064227931,-0.043950739261568325,0.20833333333333334,4234.100732142857,17850.0,110.86480545505597,True,REJECTED,,,,,
ZN_IDX,沪锌,synthetic,160000,1002,80.03992015968063,77.4523623064586,82.39801572523149,3.695812364011186,255.27342287745938,255783.9697232116,6.39459924308029,0.12073578825882983,5.133682249121889,1.108676620101406,0.10653692614770459,17547.63741964286,78500.0,27.390067976646836,True,REJECTED,508.0,122244.5084107127,16.0,16.0,64038.74738393247
SN_IDX,沪锡,real,8015,123,73.98373983739837,65.58776000744663,80.92694810093423,2.644898931508974,344.90185087108006,42422.927657143795,4.242292765714379,0.7153295975743466,2.975267341616564,0.5537685933460397,0.14227642276422764,6657.643771428572,4100.0,15.770543471728134,True,INSUFFICIENT_REAL_SAMPLE,,,,,
SN_IDX,沪锡,synthetic,160000,1081,83.34875115633673,81.01061589814462,85.45069974461832,4.803860907939971,577.1433614378221,623891.9737142848,15.59729934285712,0.2563422749860814,6.236515442095982,1.5518004563617838,0.11285846438482887,30855.312,23700.0,6.924076367607521,True,INSUFFICIENT_REAL_SAMPLE,524.0,311598.88597499905,16.0,16.0,514881.35271428456
AL_IDX,沪铝,real,8015,51,60.78431372549019,47.08491122516505,72.97285514197229,0.8792635184001797,-64.3469215686275,-3281.693000000203,-0.3281693000000203,1.8094000526358227,-0.18688146269524641,-0.01589528845411154,0.18137254901960784,4431.693,19600.0,100.55551123116622,True,REJECTED,,,,,
AL_IDX,沪铝,synthetic,200000,1152,77.95138888888889,75.46662015664488,80.25035697932253,3.988522326179727,253.56454063585068,292106.3508124973,5.842127016249947,0.1012158208784757,5.722351364721657,1.4233602453170642,0.11089409722222222,19261.684901785717,104150.0,31.656271326218178,True,REJECTED,458.0,103120.9203124987,16.0,16.0,45382.96600892767
SC_IDX,原油,real,8015,86,58.13953488372093,47.58426436472954,67.99871723844758,1.1089118707974441,70.87800830559696,6095.508714281372,0.6095508714281371,4.32592695819904,0.243492578974776,0.03550271501978599,0.21220930232558138,4671.634142857144,17600.0,35.885608334147484,True,INSUFFICIENT_REAL_SAMPLE,,,,,
SC_IDX,原油,synthetic,200000,1226,80.2610114192496,77.93990828335745,82.39306467836381,4.962014571746361,1279.5183371299938,1568689.4813213747,31.373789626427495,0.5629771652026871,6.3973607391117,1.6382455574035153,0.1068515497553018,73345.51867857145,245400.0,16.224268925186017,True,INSUFFICIENT_REAL_SAMPLE,486.0,477656.4783214091,16.0,16.0,931798.4139643514
RU_IDX,橡胶,real,8015,67,55.223880597014926,43.35740153183886,66.52379821520243,0.8491986489587325,-39.42393176972302,-2641.4034285709495,-0.2641403428570949,0.8325548633268525,-0.34824299250579294,-0.04499806755692229,0.17537313432835822,3087.1177142857146,19400.0,151.1802273021894,True,REJECTED,,,,,
RU_IDX,橡胶,synthetic,200000,1064,76.78571428571429,74.15518755940896,79.22351579884194,3.45606392842059,284.3401214084318,302537.8891785714,6.050757783571428,0.13436672385004855,4.865002123221038,1.1190564427810097,0.11466165413533834,19682.11082142857,133400.0,35.95858297381839,True,REJECTED,408.0,120168.32450000069,16.0,16.0,-2826.272464285721
TA_IDX,PTA,real,8015,78,53.84615384615385,42.86344838873035,64.46778658223795,0.6357464525826482,-195.12942051281794,-15220.094800000312,-1.5220094800000312,1.8275214700000362,-1.313411097766895,-0.22133607598761398,0.23717948717948717,3142.0948000000003,24260.0,103.15404232497853,True,REJECTED,,,,,
TA_IDX,PTA,synthetic,200000,1079,77.66450417052826,75.08366980273865,80.04904766951213,3.1039987302220893,243.03491627830078,262234.6746642897,5.244693493285793,0.13293003864122516,4.853005237527771,1.1275749473856125,0.11399443929564411,19724.896764285717,145140.0,42.614953271083,True,REJECTED,420.0,85394.8071642865,16.0,16.0,-66935.14286428655
MA_IDX,甲醇,real,8015,56,60.714285714285715,47.6331653784818,72.41977438248716,0.7739511376214557,-102.21234036989202,-5723.891060713679,-0.5723891060713678,1.0346067878963516,-0.569178595328426,-0.06778753827434653,0.20535714285714285,2214.819632142857,18200.0,104.1700734790127,True,REJECTED,,,,,
MA_IDX,甲醇,synthetic,200000,1004,75.59760956175299,72.84650927614858,78.15356851385334,3.36783194356466,242.5961660607569,243566.55072500056,4.8713310145000115,0.1826491945571911,4.951646102466154,1.19385989220795,0.11429282868525896,18252.66356071429,163760.0,52.539316977044464,True,REJECTED,390.0,91471.21549999935,16.0,16.0,-122035.68268214597
SA_IDX,纯碱,real,8015,21,52.38095238095238,32.369217900266754,71.65628770323706,0.8806336822291604,-28.25547619047762,-593.3649999999907,-0.05933649999999907,0.3863977681639327,-0.2034159061982181,-0.023785591001797165,0.15476190476190477,741.365,12040.0,291.9724111426142,True,REJECTED,,,,,
SA_IDX,纯碱,synthetic,240000,1116,70.16129032258064,67.41134739678114,72.77290723351659,2.3439924350701764,168.2563677483356,187774.106407142,3.1295684401190336,0.15554719927665478,3.646683234123422,0.8711247332934037,0.11850358422939068,18518.322164285713,204000.0,67.94706331661611,True,REJECTED,333.0,40421.931599997566,16.0,16.0,-256982.5319214263
SI_IDX,工业硅,real,8015,47,53.191489361702125,39.23214192677079,66.66853783153736,0.47964078770690427,-256.92611968085,-12075.527625000104,-1.2075527625000104,1.587319852396539,-1.3618182721407186,-0.12596125084494883,0.18085106382978725,1455.1704821428573,15450.0,151.87999671574931,True,REJECTED,,,,,
SI_IDX,工业硅,synthetic,200000,1001,74.52547452547452,71.73598660184244,77.1274362500777,2.889586536824183,205.14662017446844,205351.76679464174,4.107035335892834,0.12911970344162968,4.21422769482711,1.0068745421761234,0.12462537462537462,16678.411776785717,158600.0,55.816302850343924,True,REJECTED,415.0,83264.18500000227,16.0,16.0,-144805.0717589279
FG_IDX,玻璃,real,8015,33,51.515151515151516,35.218104586210245,67.49621835307578,0.37119194455480126,-416.7126406926436,-13751.517142856726,-1.3751517142856726,1.8708690853663759,-1.3676317601704593,-0.13915794230973313,0.25,926.3742857142859,16600.0,215.90416550281813,True,REJECTED,,,,,
FG_IDX,玻璃,synthetic,240000,1011,68.74381800197824,65.82003350201579,71.52569611726668,1.8980862566131353,129.93583690829436,131365.13111428428,2.189418851904738,0.1557694298755576,2.5696923644258916,0.5615457728195155,0.12314540059347182,16296.58317142857,221080.0,85.4987718760718,True,REJECTED,331.0,48610.605899999035,16.0,16.0,-344109.7949285725
LC_IDX,碳酸锂,real,8015,83,56.626506024096386,45.90573282760806,66.7610075364571,0.5275321039252823,-240.51539087779705,-19962.77744285774,-1.996277744285774,2.5709617988866214,-1.764212362412669,-0.2610306964443607,0.1897590361445783,1823.0631571428573,20600.0,100.59986186386607,True,REJECTED,,,,,
LC_IDX,碳酸锂,synthetic,240000,1022,70.25440313111547,67.38006482652527,72.9770429374804,2.039253824577121,120.73703594143137,123393.25073214294,2.056554178869049,0.20331414127911138,2.91305968898314,0.6841272773457878,0.12548923679060667,14075.677839285714,173200.0,77.34643797009969,True,REJECTED,325.0,36253.836553572095,16.0,16.0,-250358.07494642877
CF_IDX,棉花,real,8015,35,28.571428571428573,16.326363398295566,45.05524806982108,0.3398181022052275,-312.50475000000006,-10937.666250000359,-1.093766625000036,1.1760986250000307,-1.6947532775047556,-0.18275366342322363,0.2357142857142857,2772.66625,19250.0,391.1671101325815,True,REJECTED,,,,,
CF_IDX,棉花,synthetic,200000,1051,77.25975261655566,74.62901689643033,79.6919351782698,3.583494656257347,209.224599726451,219895.0543125011,4.397901086250022,0.10938219583241841,5.1580070940757645,1.2280119540625982,0.11393910561370124,16898.695687500003,128850.0,47.78482739565489,True,REJECTED,418.0,86219.43500000203,16.0,16.0,-71352.37456249841
SR_IDX,白糖,real,8015,50,44.0,31.161987210235342,57.69421319985648,0.49064322627401546,-243.7730088571476,-12188.650442857412,-1.2188650442857412,1.2828004442857346,-1.5258016728876314,-0.2123327513421644,0.225,5931.221871428572,21480.0,233.46890766240097,True,REJECTED,,,,,
SR_IDX,白糖,synthetic,200000,1207,79.37033968516984,76.9960263978342,81.55828822102265,3.5686973274024187,240.27848154219424,290016.1272214245,5.800322544428489,0.1444391216064654,5.512055839353249,1.3252858844642035,0.11764705882352941,21587.87277857143,73860.0,23.689032471554334,True,REJECTED,514.0,114957.05812499835,16.0,16.0,99560.39366428426
C_IDX,玉米,real,8015,15,26.666666666666668,10.89727610318281,51.95088965768675,0.14061006094519213,-458.28161333332895,-6874.224199999939,-0.6874224199999939,0.6874224199999939,-1.926399336562111,-0.14940432704220719,0.26666666666666666,1462.2242,12860.0,1273.3876809983053,True,REJECTED,,,,,
C_IDX,玉米,synthetic,200000,1036,74.61389961389962,71.87607037329067,77.16986123783164,2.526360630385258,199.52707542057377,206710.05013571482,4.134201002714296,0.1483040601606984,3.787929287079823,0.8427630164017117,0.11293436293436293,18936.80700714286,166520.0,54.20545532064076,True,REJECTED,402.0,97503.82080000232,16.0,16.0,-164154.11155714386
M_IDX,豆粕,real,8015,44,47.72727272727273,33.75475794427176,62.0647798638283,0.5564829685616854,-189.7225477272712,-8347.79209999973,-0.8347792099999729,1.4741179479485838,-1.1674785558284881,-0.13065511316949932,0.17613636363636365,3149.7921000000006,21220.0,232.66905417513794,True,REJECTED,,,,,
M_IDX,豆粕,synthetic,200000,1088,77.6654411764706,75.09571872376692,80.04048418332141,2.832355622461822,240.02208378742156,261144.02716071566,5.222880543214313,0.19319304323446054,4.518204395936441,1.0653455254805047,0.1174172794117647,20000.32998214286,135220.0,38.45302312179274,True,REJECTED,472.0,111401.02770000184,16.0,16.0,-48576.524803570355
Y_IDX,豆油,real,8015,61,54.09836065573771,41.72382993581416,65.98726911171089,1.1839294817308896,58.07609508197029,3542.641800000216,0.3542641800000216,0.49209952008590735,0.40642270170858585,0.07601872854820116,0.19672131147540983,4941.358200000001,24040.0,127.09164583230012,True,INSUFFICIENT_REAL_SAMPLE,,,,,
Y_IDX,豆油,synthetic,200000,1202,77.45424292845257,75.0064940455444,79.72706299876391,3.3848391531154456,216.47915207392413,260207.94079285522,5.204158815857104,0.1009867782338264,5.439670255846881,1.4392823241915247,0.11855241264559069,19121.059207142862,100960.0,32.51434588551771,True,INSUFFICIENT_REAL_SAMPLE,472.0,122674.08550714189,16.0,16.0,20285.834378571715
P_IDX,棕榈油,real,8015,83,60.24096385542169,49.48463779413774,70.0912336775993,0.7200935441636305,-129.4764811531837,-10746.547935714712,-1.0746547935714712,1.3548569044599446,-0.9676815465037759,-0.15822441603937357,0.20481927710843373,4868.690792857143,21640.0,95.88337162035975,True,REJECTED,,,,,
P_IDX,棕榈油,synthetic,200000,1186,79.25801011804384,76.85773829337877,81.46935331276443,4.310126595182146,259.8670398940012,308202.3093142831,6.1640461862856615,0.08822580441522541,6.3430629910680025,1.6499937540553888,0.11066610455311973,19963.404971428572,98760.0,29.583873206032784,True,REJECTED,485.0,127355.56685714284,16.0,16.0,71075.52337142755
