candidate_id,fold,days,trades,total_return,annualized_return,annualized_volatility,sharpe,max_drawdown,win_rate,payoff_ratio,profit_factor,exposure,max_abs_net_exposure,turnover
sig-continuation-l20-q05-c2__risk-k1-r16-x20-s0.75-a2-t2.5,1,54,113,-0.023987525629121653,-0.10712282880550461,0.026262439249894458,-4.300532115433622,0.026443088368569345,0.26548672566371684,1.6385410209136522,0.5922437424989105,0.12226117440841368,0.2,45.22032335889525
sig-continuation-l20-q05-c2__risk-k1-r16-x20-s0.75-a3-t3,1,54,113,-0.024635117389736116,-0.1098841450476461,0.02664447460355949,-4.354693461609062,0.02708939821352252,0.26548672566371684,1.6080849878728547,0.5812355377853692,0.12261174408413673,0.2,45.219675443176776
sig-continuation-l20-q05-c2__risk-k1-r16-x20-s1-a2-t2.5,1,54,112,-0.024583402762802575,-0.10966388191363796,0.0253443399400265,-4.569635170524917,0.03207690161227883,0.29464285714285715,1.4975132692081559,0.625543517517331,0.15372480280455741,0.2,44.83133055650419
sig-continuation-l20-q05-c2__risk-k1-r16-x20-s1-a3-t3,1,54,112,-0.02523099452341704,-0.1124190197088587,0.02584507304383687,-4.600475435180848,0.03272330146227309,0.29464285714285715,1.4738990373633325,0.6156793447213921,0.15407537248028047,0.2,44.83068264078572
sig-continuation-l20-q05-c2__risk-k1-r16-x30-s0.75-a2-t2.5,1,54,113,-0.035981288443682535,-0.1571851800996309,0.03964957887115614,-4.29207670078568,0.039625413062520654,0.26548672566371684,1.6385410209136528,0.5922437424989107,0.1833917616126205,0.3,67.83048503834286
sig-continuation-l20-q05-c2__risk-k1-r16-x30-s0.75-a3-t3,1,54,113,-0.036952676084604286,-0.1611410658421376,0.040233446365531264,-4.3460752136368,0.040593919245144994,0.26548672566371684,1.608084987872855,0.5812355377853693,0.18391761612620505,0.3,67.82951316476516
sig-continuation-l20-q05-c2__risk-k1-r16-x30-s1-a2-t2.5,1,54,112,-0.03687510414420392,-0.1608256983862415,0.03830190984284289,-4.557382093512091,0.048071114307964846,0.29464285714285715,1.4975132692081556,0.6255435175173308,0.23058720420683612,0.3,67.24699583475629
sig-continuation-l20-q05-c2__risk-k1-r16-x30-s1-a3-t3,1,54,112,-0.03784649178512567,-0.1647681453676576,0.03906249936480004,-4.588370732128045,0.049039822615684625,0.29464285714285715,1.4738990373633323,0.615679344721392,0.23111305872042062,0.3,67.24602396117857
sig-continuation-l20-q05-c2__risk-k1-r32-x20-s0.75-a2-t2.5,1,54,60,-0.018382292916743093,-0.08293991444457516,0.021503658842595613,-4.015148661806717,0.019595609840821204,0.23333333333333334,1.6379269284844435,0.49849949997352627,0.0705521472392638,0.2,24.01129411386053
sig-continuation-l20-q05-c2__risk-k1-r32-x20-s0.75-a3-t3,1,54,60,-0.01914114506375797,-0.08624363895133724,0.022046525369038537,-4.07939545277069,0.020353524017640345,0.23333333333333334,1.5886719614619573,0.483508857836248,0.07843996494303243,0.2,24.009543395363274
sig-continuation-l20-q05-c2__risk-k1-r32-x20-s1-a2-t2.5,1,54,59,-0.02255339926452804,-0.10098378930346597,0.023055763308613034,-4.604947398397643,0.024602150788459953,0.2542372881355932,1.3916016269808587,0.47440964556165627,0.0817703768624014,0.2,23.616005143318812
sig-continuation-l20-q05-c2__risk-k1-r32-x20-s1-a3-t3,1,54,59,-0.02249931238709446,-0.10075161335391969,0.022534093312526458,-4.700620061247418,0.024179943309575957,0.2711864406779661,1.2636120136633275,0.47018121438635446,0.09000876424189307,0.2,23.615243229960356
sig-continuation-l20-q05-c2__risk-k1-r32-x30-s0.75-a2-t2.5,1,54,60,-0.027573439375114694,-0.12232891258828493,0.03235052688535803,-4.0164926137021855,0.02937526029019788,0.23333333333333334,1.6379269284844444,0.49849949997352655,0.1058282208588957,0.3,36.016941170790794
sig-continuation-l20-q05-c2__risk-k1-r32-x30-s0.75-a3-t3,1,54,60,-0.028711717595637065,-0.12711298950351768,0.03317489238077419,-4.0805524118459635,0.030511429381262056,0.23333333333333334,1.5886719614619578,0.4835088578362481,0.11765994741454865,0.3,36.014315093044914
sig-continuation-l20-q05-c2__risk-k1-r32-x30-s1-a2-t2.5,1,54,59,-0.033830098896792116,-0.1483724845215154,0.03471044067030797,-4.608487105002214,0.036880433371570986,0.2542372881355932,1.3916016269808587,0.4744096455616564,0.1226555652936021,0.3,35.42400771497822
sig-continuation-l20-q05-c2__risk-k1-r32-x30-s1-a3-t3,1,54,59,-0.0337489685806418,-0.14803871014883707,0.03393435689746814,-4.703122012127949,0.036247513309912605,0.2711864406779661,1.2636120136633278,0.47018121438635446,0.1350131463628396,0.3,35.422864844940534
sig-continuation-l20-q05-c2__risk-k2-r16-x20-s0.75-a2-t2.5,1,54,223,-0.024779097464625588,-0.11049715999484766,0.016818562250612335,-6.952233231904274,0.02550354216784212,0.242152466367713,1.7356491285550437,0.5545861120826767,0.12231995556939264,0.2,44.96754695899401
sig-continuation-l20-q05-c2__risk-k2-r16-x20-s0.75-a3-t3,1,54,223,-0.026142115173050318,-0.11628397709138505,0.01687738887440497,-7.31448505979867,0.026865547355968467,0.242152466367713,1.658970786622862,0.5300853401043464,0.12248621428883974,0.2,44.96618325943581
sig-continuation-l20-q05-c2__risk-k2-r16-x20-s1-a2-t2.5,1,54,219,-0.022997867071025024,-0.10288995001843271,0.01609195131753464,-6.737919274939994,0.02473251858392278,0.2785388127853881,1.595896892847798,0.6161374079982005,0.1482063032051387,0.2,44.15589082283442
sig-continuation-l20-q05-c2__risk-k2-r16-x20-s1-a3-t3,1,54,219,-0.024360884779449754,-0.1087156438571999,0.016330206478136124,-7.038160243204533,0.0260948475498618,0.2785388127853881,1.5369695331761752,0.5933869716692829,0.14837256192458578,0.2,44.154527123276225
sig-continuation-l20-q05-c2__risk-k2-r16-x30-s0.75-a2-t2.5,1,54,223,-0.03716864619693838,-0.16201859829125032,0.025382690120674418,-6.948878272031954,0.038241109511278015,0.242152466367713,1.7356491285550444,0.554586112082677,0.18347993335408896,0.3,67.45132043849101
sig-continuation-l20-q05-c2__risk-k2-r16-x30-s0.75-a3-t3,1,54,223,-0.039213172759575476,-0.17029026236259182,0.025485484940580127,-7.30970945397134,0.04028335874910127,0.242152466367713,1.6589707866228627,0.5300853401043467,0.18372932143325957,0.3,67.4492748891537
sig-continuation-l20-q05-c2__risk-k2-r16-x30-s1-a2-t2.5,1,54,219,-0.03449680060653759,-0.15111144080811956,0.02430707107589409,-6.725786137633531,0.03708940710605224,0.2785388127853881,1.595896892847798,0.6161374079982005,0.22230945480770803,0.3,66.23383623425164
sig-continuation-l20-q05-c2__risk-k2-r16-x30-s1-a3-t3,1,54,219,-0.03654132716917469,-0.15946767061952194,0.024679120300157224,-7.02460598991405,0.03913238438952715,0.2785388127853881,1.5369695331761755,0.5933869716692829,0.22255884288687866,0.3,66.23179068491433
sig-continuation-l20-q05-c2__risk-k2-r32-x20-s0.75-a2-t2.5,1,54,116,-0.016782375081371925,-0.07594378994687856,0.01440977643540098,-5.473232136627473,0.01814866074971533,0.21551724137931033,1.862553031428305,0.5116903932495344,0.07641350065775188,0.2,24.345870009016032
sig-continuation-l20-q05-c2__risk-k2-r32-x20-s0.75-a3-t3,1,54,116,-0.018001584993978526,-0.08127894019854576,0.015010540058298917,-5.639226164497827,0.019366176440220872,0.21551724137931033,1.7446764394201175,0.4793067141264059,0.0801758518074144,0.2,24.344251680237228
sig-continuation-l20-q05-c2__risk-k2-r32-x20-s1-a2-t2.5,1,54,114,-0.02223116505640843,-0.09959985527315829,0.015971040838263267,-6.559928446437891,0.02363383246016104,0.23684210526315788,1.470908210394871,0.45648875495013236,0.07990048552183648,0.2,23.948349768732378
sig-continuation-l20-q05-c2__risk-k2-r32-x20-s1-a3-t3,1,54,114,-0.0230596858289982,-0.10315481642960533,0.016278017946981995,-6.6788446982429575,0.02433886945484065,0.24561403508771928,1.3310998977790585,0.4333813620676004,0.08383928031344419,0.2,23.947246426636845
sig-continuation-l20-q05-c2__risk-k2-r32-x30-s0.75-a2-t2.5,1,54,116,-0.025173562622057832,-0.11217495040508152,0.02169342980615617,-5.472687917883569,0.027204089633771078,0.21551724137931033,1.8625530314283054,0.5116903932495345,0.1146202509866278,0.3,36.518805013524045
sig-continuation-l20-q05-c2__risk-k2-r32-x30-s0.75-a3-t3,1,54,116,-0.02700237749096779,-0.11992104554553873,0.02260283492690593,-5.639130304459989,0.029029095149704642,0.21551724137931033,1.7446764394201182,0.4793067141264061,0.1202637777111216,0.3,36.51637752035584
sig-continuation-l20-q05-c2__risk-k2-r32-x30-s1-a2-t2.5,1,54,114,-0.033346747584612646,-0.14638243363808479,0.024075057956252463,-6.560212087386678,0.035427554669491546,0.23684210526315788,1.4709082103948714,0.45648875495013247,0.11985072828275471,0.3,35.92252465309856
sig-continuation-l20-q05-c2__risk-k2-r32-x30-s1-a3-t3,1,54,114,-0.03458952874349741,-0.15149183932023558,0.024541779175961453,-6.679468754826476,0.036484418244839834,0.24561403508771928,1.331099897779058,0.4333813620676003,0.12575892047016626,0.3,35.920869639955264
sig-continuation-l20-q05-c3__risk-k1-r16-x20-s0.75-a2-t2.5,1,54,113,-0.023987525629121653,-0.10712282880550461,0.026262439249894458,-4.300532115433622,0.026443088368569345,0.26548672566371684,1.6385410209136522,0.5922437424989105,0.12226117440841368,0.2,45.22032335889525
sig-continuation-l20-q05-c3__risk-k1-r16-x20-s0.75-a3-t3,1,54,113,-0.024635117389736116,-0.1098841450476461,0.02664447460355949,-4.354693461609062,0.02708939821352252,0.26548672566371684,1.6080849878728547,0.5812355377853692,0.12261174408413673,0.2,45.219675443176776
sig-continuation-l20-q05-c3__risk-k1-r16-x20-s1-a2-t2.5,1,54,112,-0.024583402762802575,-0.10966388191363796,0.0253443399400265,-4.569635170524917,0.03207690161227883,0.29464285714285715,1.4975132692081559,0.625543517517331,0.15372480280455741,0.2,44.83133055650419
sig-continuation-l20-q05-c3__risk-k1-r16-x20-s1-a3-t3,1,54,112,-0.02523099452341704,-0.1124190197088587,0.02584507304383687,-4.600475435180848,0.03272330146227309,0.29464285714285715,1.4738990373633325,0.6156793447213921,0.15407537248028047,0.2,44.83068264078572
sig-continuation-l20-q05-c3__risk-k1-r16-x30-s0.75-a2-t2.5,1,54,113,-0.035981288443682535,-0.1571851800996309,0.03964957887115614,-4.29207670078568,0.039625413062520654,0.26548672566371684,1.6385410209136528,0.5922437424989107,0.1833917616126205,0.3,67.83048503834286
sig-continuation-l20-q05-c3__risk-k1-r16-x30-s0.75-a3-t3,1,54,113,-0.036952676084604286,-0.1611410658421376,0.040233446365531264,-4.3460752136368,0.040593919245144994,0.26548672566371684,1.608084987872855,0.5812355377853693,0.18391761612620505,0.3,67.82951316476516
sig-continuation-l20-q05-c3__risk-k1-r16-x30-s1-a2-t2.5,1,54,112,-0.03687510414420392,-0.1608256983862415,0.03830190984284289,-4.557382093512091,0.048071114307964846,0.29464285714285715,1.4975132692081556,0.6255435175173308,0.23058720420683612,0.3,67.24699583475629
sig-continuation-l20-q05-c3__risk-k1-r16-x30-s1-a3-t3,1,54,112,-0.03784649178512567,-0.1647681453676576,0.03906249936480004,-4.588370732128045,0.049039822615684625,0.29464285714285715,1.4738990373633323,0.615679344721392,0.23111305872042062,0.3,67.24602396117857
sig-continuation-l20-q05-c3__risk-k1-r32-x20-s0.75-a2-t2.5,1,54,60,-0.018382292916743093,-0.08293991444457516,0.021503658842595613,-4.015148661806717,0.019595609840821204,0.23333333333333334,1.6379269284844435,0.49849949997352627,0.0705521472392638,0.2,24.01129411386053
sig-continuation-l20-q05-c3__risk-k1-r32-x20-s0.75-a3-t3,1,54,60,-0.01914114506375797,-0.08624363895133724,0.022046525369038537,-4.07939545277069,0.020353524017640345,0.23333333333333334,1.5886719614619573,0.483508857836248,0.07843996494303243,0.2,24.009543395363274
sig-continuation-l20-q05-c3__risk-k1-r32-x20-s1-a2-t2.5,1,54,59,-0.02255339926452804,-0.10098378930346597,0.023055763308613034,-4.604947398397643,0.024602150788459953,0.2542372881355932,1.3916016269808587,0.47440964556165627,0.0817703768624014,0.2,23.616005143318812
sig-continuation-l20-q05-c3__risk-k1-r32-x20-s1-a3-t3,1,54,59,-0.02249931238709446,-0.10075161335391969,0.022534093312526458,-4.700620061247418,0.024179943309575957,0.2711864406779661,1.2636120136633275,0.47018121438635446,0.09000876424189307,0.2,23.615243229960356
sig-continuation-l20-q05-c3__risk-k1-r32-x30-s0.75-a2-t2.5,1,54,60,-0.027573439375114694,-0.12232891258828493,0.03235052688535803,-4.0164926137021855,0.02937526029019788,0.23333333333333334,1.6379269284844444,0.49849949997352655,0.1058282208588957,0.3,36.016941170790794
sig-continuation-l20-q05-c3__risk-k1-r32-x30-s0.75-a3-t3,1,54,60,-0.028711717595637065,-0.12711298950351768,0.03317489238077419,-4.0805524118459635,0.030511429381262056,0.23333333333333334,1.5886719614619578,0.4835088578362481,0.11765994741454865,0.3,36.014315093044914
sig-continuation-l20-q05-c3__risk-k1-r32-x30-s1-a2-t2.5,1,54,59,-0.033830098896792116,-0.1483724845215154,0.03471044067030797,-4.608487105002214,0.036880433371570986,0.2542372881355932,1.3916016269808587,0.4744096455616564,0.1226555652936021,0.3,35.42400771497822
sig-continuation-l20-q05-c3__risk-k1-r32-x30-s1-a3-t3,1,54,59,-0.0337489685806418,-0.14803871014883707,0.03393435689746814,-4.703122012127949,0.036247513309912605,0.2711864406779661,1.2636120136633278,0.47018121438635446,0.1350131463628396,0.3,35.422864844940534
sig-continuation-l20-q05-c3__risk-k2-r16-x20-s0.75-a2-t2.5,1,54,219,-0.024159429332872073,-0.1078564774681523,0.016696390065187746,-6.825763994664292,0.024884334357739513,0.2420091324200913,1.7630970512157367,0.562916528400205,0.12190811036169255,0.2,44.747772868498906
sig-continuation-l20-q05-c3__risk-k2-r16-x20-s0.75-a3-t3,1,54,219,-0.025522447041296803,-0.11365679783411953,0.01675985235731224,-7.188865322047674,0.02624633954586575,0.2420091324200913,1.685862535289902,0.5382573154841254,0.12207436908113965,0.2,44.74640916894071
sig-continuation-l20-q05-c3__risk-k2-r16-x20-s1-a2-t2.5,1,54,215,-0.022286183058779274,-0.0998362654470466,0.015852218047455548,-6.625781918637453,0.024021194190640638,0.27906976744186046,1.6151117479318184,0.6252045475865103,0.14765360248984485,0.2,43.93579722131278
sig-continuation-l20-q05-c3__risk-k2-r16-x20-s1-a3-t3,1,54,215,-0.023649200767204004,-0.1056775453231994,0.016098782345112625,-6.928284840979439,0.025383523156579657,0.27906976744186046,1.5558955437437512,0.602282145965323,0.14781986120929197,0.2,43.93443352175458
sig-continuation-l20-q05-c3__risk-k2-r16-x30-s0.75-a2-t2.5,1,54,219,-0.036239143999308054,-0.15823669880583668,0.02519472604840438,-6.822303083167425,0.03731264265281031,0.2420091324200913,1.763097051215737,0.5629165284002051,0.18286216554253878,0.3,67.12165930274836
sig-continuation-l20-q05-c3__risk-k2-r16-x30-s0.75-a3-t3,1,54,219,-0.03828367056194515,-0.1665377113140164,0.025304346731570036,-7.184013923353951,0.03935489189063346,0.2420091324200913,1.6858625352899022,0.5382573154841254,0.18311155362170944,0.3,67.11961375341104
sig-continuation-l20-q05-c3__risk-k2-r16-x30-s1-a2-t2.5,1,54,215,-0.03342927458816891,-0.14672247168220376,0.023940280141016398,-6.613925401027888,0.03602269002597047,0.27906976744186046,1.6151117479318187,0.6252045475865105,0.22148040373476727,0.3,65.90369583196916
sig-continuation-l20-q05-c3__risk-k2-r16-x30-s1-a3-t3,1,54,215,-0.035473801150805895,-0.15511266457138528,0.024324563087985057,-6.915037883724325,0.038065667309445494,0.27906976744186046,1.555895543743751,0.602282145965323,0.2217297918139379,0.3,65.90165028263186
sig-continuation-l20-q05-c3__risk-k2-r32-x20-s0.75-a2-t2.5,1,54,112,-0.015156468274969193,-0.06879112703347379,0.014762822195274583,-4.819850322958878,0.016525013314088066,0.21428571428571427,2.0326676248494935,0.5543638976862255,0.07805630951664047,0.2,24.343061224168125
sig-continuation-l20-q05-c3__risk-k2-r32-x20-s0.75-a3-t3,1,54,112,-0.016375678187575793,-0.07415871806348195,0.01536233825925522,-5.007362544912655,0.0177425290045935,0.21428571428571427,1.9117539176159308,0.521387432077072,0.08181866066630301,0.2,24.34144289538932
sig-continuation-l20-q05-c3__risk-k2-r32-x20-s1-a2-t2.5,1,54,110,-0.020513242369513462,-0.09219343054265228,0.01628316456586189,-5.9309824532499995,0.021918159182508057,0.23636363636363636,1.5925001960755505,0.492916727356718,0.08140243887313135,0.2,23.945221472857927
sig-continuation-l20-q05-c3__risk-k2-r32-x20-s1-a3-t3,1,54,110,-0.02134176314210323,-0.09577135716788943,0.016592392042766878,-6.058059075267816,0.022623196177187666,0.24545454545454545,1.4440081705565733,0.4697375976509335,0.08534123366473904,0.2,23.94411813076239
sig-continuation-l20-q05-c3__risk-k2-r32-x30-s0.75-a2-t2.5,1,54,112,-0.02273470241245379,-0.10176171644047882,0.02221840390268303,-4.818285728708658,0.024770309478773234,0.21428571428571427,2.0326676248494935,0.5543638976862255,0.1170844642749607,0.3,36.514591836252194
sig-continuation-l20-q05-c3__risk-k2-r32-x30-s0.75-a3-t3,1,54,112,-0.024563517281363634,-0.109579174197322,0.02312682416179527,-5.005947064565515,0.026595314994706576,0.21428571428571427,1.9117539176159302,0.5213874320770719,0.1227279909994545,0.3,36.51216434308398
sig-continuation-l20-q05-c3__risk-k2-r32-x30-s1-a2-t2.5,1,54,110,-0.030769863554270138,-0.13571115072856055,0.02453928951365541,-5.929680698202718,0.03285572849862006,0.23636363636363636,1.5925001960755505,0.492916727356718,0.122103658309697,0.3,35.917832209286885
sig-continuation-l20-q05-c3__risk-k2-r32-x30-s1-a3-t3,1,54,110,-0.0320126447131549,-0.14087070852645855,0.025009662977534465,-6.056968593777524,0.03391259207396813,0.24545454545454545,1.4440081705565733,0.4697375976509335,0.12801185049710856,0.3,35.916177196143586
sig-continuation-l40-q05-c2__risk-k1-r16-x20-s0.75-a2-t2.5,1,54,111,-0.02606018146719502,-0.11593695788593705,0.026422044046635354,-4.6496906753543605,0.02851164135953932,0.24324324324324326,1.7634873212948292,0.5668352104161951,0.11419807186678353,0.2,44.42087007320599
sig-continuation-l40-q05-c2__risk-k1-r16-x20-s0.75-a3-t3,1,54,111,-0.026707773227809484,-0.11867682680579483,0.026797794298134062,-4.69990033303019,0.029157951204492383,0.24324324324324326,1.7299990639781395,0.5560711277072592,0.11454864154250659,0.2,44.420222157487515
sig-continuation-l40-q05-c2__risk-k1-r16-x20-s1-a2-t2.5,1,54,109,-0.031736407326714455,-0.1397259726515211,0.024691729264304935,-6.081397013492396,0.036147889969033176,0.25688073394495414,1.555874089172523,0.5378330184793907,0.14566170026292724,0.2,43.62694003254842
sig-continuation-l40-q05-c2__risk-k1-r16-x20-s1-a3-t3,1,54,109,-0.03238399908732892,-0.1424077256661762,0.025188333437019643,-6.084893909644777,0.03679428981902744,0.25688073394495414,1.5285925131348186,0.5284023502194436,0.1460122699386503,0.2,43.626292116829944
sig-continuation-l40-q05-c2__risk-k1-r16-x30-s0.75-a2-t2.5,1,54,111,-0.03909027220079264,-0.16979485593946697,0.03990859577916957,-4.641423046980387,0.04272517454145297,0.24324324324324326,1.7634873212948297,0.5668352104161952,0.17129710780017526,0.3,66.63130510980898
sig-continuation-l40-q05-c2__risk-k1-r16-x30-s0.75-a3-t3,1,54,111,-0.04006165984171439,-0.1737041404033014,0.040483121911284,-4.691495589642139,0.04369368072407731,0.24324324324324326,1.7299990639781404,0.5560711277072594,0.17182296231375985,0.3,66.63033323623127
sig-continuation-l40-q05-c2__risk-k1-r16-x30-s1-a2-t2.5,1,54,109,-0.04760461099007174,-0.20357052234328632,0.03731768082623179,-6.078369058929029,0.05417198243448651,0.25688073394495414,1.5558740891725231,0.5378330184793908,0.21849255039439083,0.3,65.44041004882263
sig-continuation-l40-q05-c2__risk-k1-r16-x30-s1-a3-t3,1,54,109,-0.04857599863099338,-0.20735422752085253,0.0380717564480457,-6.082211202779091,0.05514069074220629,0.25688073394495414,1.528592513134819,0.5284023502194436,0.21901840490797544,0.3,65.4394381752449
sig-continuation-l40-q05-c2__risk-k1-r32-x20-s0.75-a2-t2.5,1,54,59,-0.018441971461243933,-0.08320006934132318,0.02033240931121916,-4.261576799404207,0.019655214620364903,0.22033898305084745,1.668790466303929,0.47161469699893643,0.06345311130587204,0.2,23.606113372757243
sig-continuation-l40-q05-c2__risk-k1-r32-x20-s0.75-a3-t3,1,54,59,-0.01920082360825881,-0.08650305715987627,0.02101025398706688,-4.295154899470389,0.020413128797184044,0.22033898305084745,1.61420670000785,0.4561888500022184,0.07134092900964066,0.2,23.604362654259987
sig-continuation-l40-q05-c2__risk-k1-r32-x20-s1-a2-t2.5,1,54,58,-0.02209651690171177,-0.09902107169909347,0.02091253122967989,-4.974867825740018,0.024145833149669227,0.2413793103448276,1.4341258252001747,0.45631276256369196,0.07817703768624014,0.2,23.209700910647648
sig-continuation-l40-q05-c2__risk-k1-r32-x20-s1-a3-t3,1,54,58,-0.022042430024278192,-0.09878849758861707,0.02045767344903303,-5.073323309971242,0.02372362567078512,0.25862068965517243,1.2947172507294087,0.45164555258002625,0.08641542506573181,0.2,23.20893899728919
sig-continuation-l40-q05-c2__risk-k1-r32-x30-s0.75-a2-t2.5,1,54,59,-0.027662957191865956,-0.12270589227230222,0.030582889546761492,-4.264471304434353,0.029464612238305654,0.22033898305084745,1.6687904663039301,0.47161469699893677,0.09517966695880806,0.3,35.40917005913586
sig-continuation-l40-q05-c2__risk-k1-r32-x30-s0.75-a3-t3,1,54,59,-0.028801235412388326,-0.12748835362772826,0.03161000510728832,-4.297744894828499,0.03060078132936994,0.22033898305084745,1.6142067000078497,0.4561888500022184,0.107011393514461,0.3,35.40654398138998
sig-continuation-l40-q05-c2__risk-k1-r32-x30-s1-a2-t2.5,1,54,58,-0.03314477535256766,-0.14554979332976414,0.03146608710394866,-4.98192206885855,0.03619637967161615,0.2413793103448276,1.434125825200175,0.45631276256369196,0.11726555652936022,0.3,34.81455136597147
sig-continuation-l40-q05-c2__risk-k1-r32-x30-s1-a3-t3,1,54,58,-0.033063645036417344,-0.14521515007864494,0.030793017271850288,-5.078783880701988,0.03556345960995777,0.25862068965517243,1.2947172507294087,0.45164555258002625,0.1296231375985977,0.3,34.813408495933786
sig-continuation-l40-q05-c2__risk-k2-r16-x20-s0.75-a2-t2.5,1,54,220,-0.02634941407499325,-0.11716148581519759,0.016579960704901777,-7.505884952167126,0.027072692265527554,0.2318181818181818,1.7557604909056115,0.5298448818709242,0.11554716981021163,0.2,44.166455540998896
sig-continuation-l40-q05-c2__risk-k2-r16-x20-s0.75-a3-t3,1,54,220,-0.02771243178341798,-0.12291418632353834,0.01671184139506133,-7.83751284181643,0.0284346974536539,0.2318181818181818,1.6751691776758366,0.505524426399217,0.11571342852965873,0.2,44.165091841440685
sig-continuation-l40-q05-c2__risk-k2-r16-x20-s1-a2-t2.5,1,54,217,-0.026548079903227162,-0.1180018076224294,0.016069339171465795,-7.80413402979935,0.027194218192828523,0.2672811059907834,1.5486887827705085,0.5649304993754056,0.14050796156781903,0.2,43.44700049318206
sig-continuation-l40-q05-c2__risk-k2-r16-x20-s1-a3-t3,1,54,217,-0.02791109761165189,-0.12375020237985768,0.016371567356283746,-8.058967086115286,0.02855654715876743,0.2672811059907834,1.487454286125928,0.5425933873918479,0.14067422028726614,0.2,43.44563679362386
sig-continuation-l40-q05-c2__risk-k2-r16-x30-s0.75-a2-t2.5,1,54,220,-0.03952412111248982,-0.17154264345594106,0.025040469740482543,-7.500337756154786,0.040593960747796975,0.2318181818181818,1.7557604909056117,0.5298448818709243,0.1733207547153174,0.3,66.24968331149833
sig-continuation-l40-q05-c2__risk-k2-r16-x30-s0.75-a3-t3,1,54,220,-0.04156864767512691,-0.1797402728844456,0.025252704074340215,-7.830585634580826,0.04263620998562023,0.2318181818181818,1.6751691776758373,0.5055244263992172,0.17357014279448804,0.3,66.24763776216102
sig-continuation-l40-q05-c2__risk-k2-r16-x30-s1-a2-t2.5,1,54,217,-0.03982211985484074,-0.1727414742055584,0.02429630462589691,-7.790362061272082,0.040781023819396856,0.2672811059907834,1.548688782770508,0.5649304993754055,0.21076194235172857,0.3,65.17050073977309
sig-continuation-l40-q05-c2__risk-k2-r16-x30-s1-a3-t3,1,54,217,-0.04186664641747784,-0.18092977173861258,0.024764191877434314,-8.04409413436408,0.04282400110287177,0.2672811059907834,1.4874542861259277,0.5425933873918478,0.2110113304308992,0.3,65.16845519043578
sig-continuation-l40-q05-c2__risk-k2-r32-x20-s0.75-a2-t2.5,1,54,114,-0.018099041773818936,-0.08170435510644969,0.013953650078183905,-6.100617296491401,0.01946349779348,0.21052631578947367,1.7463106026155024,0.46568282736413397,0.07083482323115549,0.2,23.942849979803462
sig-continuation-l40-q05-c2__risk-k2-r32-x20-s0.75-a3-t3,1,54,114,-0.019318251686425536,-0.08701333935171296,0.014573147589080179,-6.238410830269857,0.020681013483985544,0.21052631578947367,1.6241404654852873,0.43310412412940996,0.07459717438081802,0.2,23.94123165102466
sig-continuation-l40-q05-c2__risk-k2-r32-x20-s1-a2-t2.5,1,54,112,-0.023403150338717205,-0.1046252932101952,0.015354038912208193,-7.188529529010621,0.024804283171359298,0.23214285714285715,1.385077273870849,0.4187442921004893,0.07559319363727926,0.2,23.544973625371036
sig-continuation-l40-q05-c2__risk-k2-r32-x20-s1-a3-t3,1,54,112,-0.024231671111307085,-0.10816464872021903,0.01568543799700471,-7.288728551947503,0.025509320166038907,0.24107142857142858,1.2437510942465213,0.39507387699595375,0.07953198842888695,0.2,23.543870283275496
sig-continuation-l40-q05-c2__risk-k2-r32-x30-s0.75-a2-t2.5,1,54,114,-0.027148562660728404,-0.12053792503373639,0.021007666501692276,-6.102314017261935,0.029174975821223748,0.21052631578947367,1.7463106026155022,0.465682827364134,0.10625223484673323,0.3,35.91427496970519
sig-continuation-l40-q05-c2__risk-k2-r32-x30-s0.75-a3-t3,1,54,114,-0.02897737752963825,-0.12822657854426278,0.021944447320820563,-6.24084201096466,0.0309999813371572,0.21052631578947367,1.6241404654852876,0.43310412412941,0.11189576157122702,0.3,35.911847476536984
sig-continuation-l40-q05-c2__risk-k2-r32-x30-s1-a2-t2.5,1,54,112,-0.03510472550807586,-0.15360289175272868,0.02314213921493951,-7.1924336634082175,0.037182082066976485,0.23214285714285715,1.3850772738708492,0.41874429210048936,0.11338979045591886,0.3,35.31746043805654
sig-continuation-l40-q05-c2__risk-k2-r32-x30-s1-a3-t3,1,54,112,-0.036347506666960516,-0.1586782871990784,0.023645238658336856,-7.29310374116993,0.03823894564232466,0.24107142857142858,1.2437510942465213,0.3950738769959538,0.11929798264333043,0.3,35.31580542491324
sig-continuation-l40-q05-c3__risk-k1-r16-x20-s0.75-a2-t2.5,1,54,106,-0.02582974704197727,-0.11496040979356126,0.02747696362337807,-4.430003347803927,0.028685100997312585,0.2358490566037736,1.767409092860254,0.5454966335988438,0.1116564417177914,0.2,42.412565922118326
sig-continuation-l40-q05-c3__risk-k1-r16-x20-s0.75-a3-t3,1,54,106,-0.026896701694211322,-0.11947489786133414,0.02797545476559135,-4.533290858933729,0.029749943600008932,0.2358490566037736,1.7065804786017824,0.5267223699388216,0.11200701139351446,0.2,42.411498433721896
sig-continuation-l40-q05-c3__risk-k1-r16-x20-s1-a2-t2.5,1,54,104,-0.03310596692365564,-0.1453897306395323,0.025354286462909468,-6.182200212817047,0.037918422951503716,0.25,1.4720818372448603,0.49069394574828673,0.13961437335670465,0.2,41.61581901485488
sig-continuation-l40-q05-c3__risk-k1-r16-x20-s1-a3-t3,1,54,104,-0.0337535586842701,-0.14805759681835362,0.02583652830948929,-6.187278047238249,0.03856482280149798,0.25,1.4421939558434451,0.4807313186144817,0.13996494303242768,0.2,41.615171099136404
sig-continuation-l40-q05-c3__risk-k1-r16-x30-s0.75-a2-t2.5,1,54,106,-0.038744620562965904,-0.16840030419609442,0.04147960110688605,-4.423694313508488,0.04298510672867084,0.2358490566037736,1.7674090928602542,0.5454966335988438,0.1674846625766871,0.3,63.618848883177485
sig-continuation-l40-q05-c3__risk-k1-r16-x30-s0.75-a3-t3,1,54,106,-0.04034505254131704,-0.17484190553538537,0.042243167944533346,-4.526934131277069,0.04458079129434245,0.2358490566037736,1.7065804786017822,0.5267223699388216,0.16801051709027168,0.3,63.61724765058284
sig-continuation-l40-q05-c3__risk-k1-r16-x30-s1-a2-t2.5,1,54,104,-0.0496589503854834,-0.21155582679847773,0.03834016434131501,-6.177858868831487,0.056825340118938916,0.25,1.47208183724486,0.49069394574828673,0.20942156003505696,0.3,62.423728522282325
sig-continuation-l40-q05-c3__risk-k1-r16-x30-s1-a3-t3,1,54,104,-0.05063033802640504,-0.21530967711304805,0.03907326398386981,-6.183258715360792,0.057794048426658584,0.25,1.4421939558434451,0.4807313186144817,0.20994741454864152,0.3,62.42275664870461
sig-continuation-l40-q05-c3__risk-k1-r32-x20-s0.75-a2-t2.5,1,54,57,-0.01918684808319604,-0.08644231177817507,0.021155021593979733,-4.26248504853437,0.020399170546403278,0.19298245614035087,1.7452454038833332,0.41734129223297095,0.0600350569675723,0.2,22.80025654020244
sig-continuation-l40-q05-c3__risk-k1-r32-x20-s0.75-a3-t3,1,54,57,-0.020761091423717404,-0.09326491857833308,0.0218915581919865,-4.460658066464928,0.021971468062115362,0.19298245614035087,1.5773911527908935,0.3772022321891267,0.06432953549517967,0.2,22.797690022612134
sig-continuation-l40-q05-c3__risk-k1-r32-x20-s1-a2-t2.5,1,54,56,-0.022475685883392327,-0.10065017829638556,0.022497450480180117,-4.703305616595392,0.024524533464027165,0.21428571428571427,1.5151480727017934,0.4132222016459436,0.07493426818580193,0.2,22.40322321483127
sig-continuation-l40-q05-c3__risk-k1-r32-x20-s1-a3-t3,1,54,56,-0.023236990199465124,-0.10391414749291061,0.022018561306052373,-4.971134491082171,0.024916709324036113,0.23214285714285715,1.2775074096509216,0.3862231703595809,0.07957931638913233,0.2,22.40164550237976
sig-continuation-l40-q05-c3__risk-k1-r32-x30-s0.75-a2-t2.5,1,54,57,-0.02878027212479417,-0.12740046220980483,0.03181244703583618,-4.267047528365234,0.03057985688490439,0.19298245614035087,1.7452454038833336,0.4173412922329711,0.09005258545135846,0.3,34.20038481030366
sig-continuation-l40-q05-c3__risk-k1-r32-x30-s0.75-a3-t3,1,54,57,-0.03114163713557616,-0.1372571593004247,0.032932352056212935,-4.465613307692687,0.032936846493947236,0.19298245614035087,1.5773911527908937,0.37720223218912674,0.09649430324276949,0.3,34.196535033918195
sig-continuation-l40-q05-c3__risk-k1-r32-x30-s1-a2-t2.5,1,54,56,-0.0337135288250886,-0.1478928768857628,0.033854456649545936,-4.709259142516973,0.03676407929396064,0.21428571428571427,1.515148072701793,0.41322220164594353,0.11240140227870289,0.3,33.60483482224691
sig-continuation-l40-q05-c3__risk-k1-r32-x30-s1-a3-t3,1,54,56,-0.0348554852991978,-0.15258212963555506,0.033147568492204085,-4.976766053387515,0.03735197975028093,0.23214285714285715,1.2775074096509216,0.3862231703595809,0.1193689745836985,0.3,33.60246825356964
sig-continuation-l40-q05-c3__risk-k2-r16-x20-s0.75-a2-t2.5,1,54,200,-0.02485850548377222,-0.11083510859320178,0.01820283723142185,-6.443093221127624,0.025582891198590585,0.235,1.7464587038778747,0.5364938502108504,0.111898959112082,0.2,42.4405287608668
sig-continuation-l40-q05-c3__risk-k2-r16-x20-s0.75-a3-t3,1,54,200,-0.026380540018737353,-0.11729318466965521,0.01828102015531738,-6.814021367864678,0.027103795087305094,0.235,1.662810254336869,0.5107979212668813,0.11215430063090533,0.2,42.439594370941094
sig-continuation-l40-q05-c3__risk-k2-r16-x20-s1-a2-t2.5,1,54,197,-0.027055477298616792,-0.12014515807313064,0.017249136931749055,-7.410210163795744,0.02770135919672645,0.25888324873096447,1.5634546091527965,0.5461382538821412,0.133198145008382,0.2,41.8426178962455
sig-continuation-l40-q05-c3__risk-k2-r16-x20-s1-a3-t3,1,54,197,-0.02853598332167384,-0.12637573541455438,0.01737718583637003,-7.764226635458565,0.02918111710962168,0.25888324873096447,1.5007897919781967,0.5242484889786853,0.13345348652720532,0.2,41.841874932608185
sig-continuation-l40-q05-c3__risk-k2-r16-x30-s0.75-a2-t2.5,1,54,200,-0.03728775822565833,-0.16250226707541915,0.02747048779598056,-6.439781269727963,0.038360088865381003,0.235,1.746458703877875,0.5364938502108504,0.167848438668123,0.3,63.66079314130019
sig-continuation-l40-q05-c3__risk-k2-r16-x30-s0.75-a3-t3,1,54,200,-0.03957081002810592,-0.17173056023527766,0.02760377757695697,-6.809660193147321,0.04064059765830441,0.235,1.6628102543368695,0.5107979212668815,0.168231450946358,0.3,63.65939155641163
sig-continuation-l40-q05-c3__risk-k2-r16-x30-s1-a2-t2.5,1,54,197,-0.04058321594792513,-0.17579713183590617,0.0260621005558557,-7.40273325556992,0.04154154317733916,0.25888324873096447,1.563454609152796,0.5461382538821411,0.19979721751257298,0.3,62.76392684436824
sig-continuation-l40-q05-c3__risk-k2-r16-x30-s1-a3-t3,1,54,197,-0.04280397498251076,-0.18466240117027855,0.02626962722499842,-7.7553963447337955,0.0437606193892317,0.25888324873096447,1.5007897919781967,0.5242484889786853,0.20018022979080796,0.3,62.762812398912274
sig-continuation-l40-q05-c3__risk-k2-r32-x20-s0.75-a2-t2.5,1,54,104,-0.019395933678373112,-0.08735078233698756,0.015636758520772735,-5.836696615500542,0.020758587528526995,0.20192307692307693,1.6250016336278752,0.4111449916407877,0.06713496968223215,0.2,23.138658302764554
sig-continuation-l40-q05-c3__risk-k2-r32-x20-s0.75-a3-t3,1,54,104,-0.021000633606041097,-0.09429955025419001,0.016222716710660848,-6.096261290898581,0.022361057554637465,0.20192307692307693,1.4699977574019976,0.3719271434390596,0.06893151266316244,0.2,23.137242697136486
sig-continuation-l40-q05-c3__risk-k2-r32-x20-s1-a2-t2.5,1,54,102,-0.024561513474309793,-0.10957063807495993,0.01749833717197105,-6.622018428894161,0.025961129572373176,0.22549019607843138,1.2820895084272073,0.3732665657446299,0.0743173464443725,0.2,22.740207230280276
sig-continuation-l40-q05-c3__risk-k2-r32-x20-s1-a3-t3,1,54,102,-0.025850462744146707,-0.11504823462856029,0.017495313015489622,-6.975702681177823,0.02712599218960421,0.23529411764705882,1.115119368996314,0.3431136519988658,0.07629033306724797,0.2,22.739381512367146
sig-continuation-l40-q05-c3__risk-k2-r32-x30-s0.75-a2-t2.5,1,54,104,-0.029093900517559668,-0.12871466541347032,0.023537775822212635,-5.840648451811758,0.031116261612052498,0.20192307692307693,1.625001633627875,0.41114499164078766,0.10070245452334821,0.3,34.70798745414683
sig-continuation-l40-q05-c3__risk-k2-r32-x30-s0.75-a3-t3,1,54,104,-0.031500950409061645,-0.13874928643238182,0.024427267041856975,-6.101056094355143,0.033518297708651335,0.20192307692307693,1.4699977574019976,0.37192714343905964,0.10339726899474364,0.3,34.70586404570473
sig-continuation-l40-q05-c3__risk-k2-r32-x30-s1-a2-t2.5,1,54,102,-0.0368422702114648,-0.16069218451288947,0.02636616610141073,-6.628760582228865,0.03891621635032694,0.22549019607843138,1.282089508427207,0.37326656574462985,0.11147601966655875,0.3,34.11031084542041
sig-continuation-l40-q05-c3__risk-k2-r32-x30-s1-a3-t3,1,54,102,-0.03877569411622006,-0.16852574750433646,0.026371896813223876,-6.982638574929744,0.040662367090963825,0.23529411764705882,1.1151193689963137,0.34311365199886573,0.11443549960087195,0.3,34.10907226855072
