time,symbol,side,lots,price,pnl,cost
2026-04-28 10:45:00,AL_IDX,OPEN_LONG,1.0,25055.0,,
2026-04-28 10:45:00,C_IDX,OPEN_LONG,9.0,2418.0,,
2026-04-28 10:45:00,CF_IDX,OPEN_LONG,2.0,16365.0,,
2026-04-28 10:45:00,HC_IDX,OPEN_LONG,6.0,3402.0,,
2026-04-28 10:45:00,JM_IDX,OPEN_SHORT,2.0,1264.0,,
2026-04-28 10:45:00,FG_IDX,OPEN_SHORT,10.0,1057.0,,
2026-04-28 21:15:00,AL_IDX,STOP_LOSS_LONG,,,-1475.0,28.714
2026-04-29 10:15:00,C_IDX,CLOSE_LONG,,,450.0,98.7228
2026-04-29 10:15:00,CF_IDX,CLOSE_LONG,,,-450.0,59.792
2026-04-29 10:15:00,HC_IDX,CLOSE_LONG,,,-1860.0,80.226
2026-04-29 10:15:00,JM_IDX,CLOSE_SHORT,,,1740.0,82.491
2026-04-29 10:15:00,FG_IDX,CLOSE_SHORT,,,6000.0,220.54
2026-04-29 10:15:00,ZN_IDX,OPEN_LONG,1.0,23880.0,,
2026-04-29 10:15:00,FG_IDX,OPEN_LONG,10.0,1027.0,,
2026-04-29 10:15:00,SI_IDX,OPEN_LONG,5.0,8680.0,,
2026-04-29 10:15:00,C_IDX,OPEN_SHORT,9.0,2423.0,,
2026-04-29 10:15:00,Y_IDX,OPEN_SHORT,2.0,8526.0,,
2026-04-29 10:15:00,CF_IDX,OPEN_SHORT,2.0,16320.0,,
2026-04-29 13:55:00,ZN_IDX,CLOSE_LONG,,,-300.0,28.573
2026-04-29 13:55:00,SI_IDX,CLOSE_LONG,,,-217000.0,125.0
2026-04-29 13:55:00,C_IDX,CLOSE_SHORT,,,0.0,98.7228
2026-04-29 13:55:00,CF_IDX,CLOSE_SHORT,,,-350.0,59.813
2026-04-29 13:55:00,HC_IDX,OPEN_LONG,5.0,3372.0,,
2026-04-29 13:55:00,RU_IDX,OPEN_SHORT,1.0,17310.0,,
2026-04-29 13:55:00,P_IDX,OPEN_SHORT,2.0,9729.0,,
2026-04-29 13:55:00,SR_IDX,OPEN_SHORT,3.0,5425.0,,
2026-04-29 22:15:00,RU_IDX,STOP_LOSS_SHORT,,,-1800.0,63.992000000000004
2026-04-30 13:45:00,FG_IDX,CLOSE_LONG,,,800.0,220.62
2026-04-30 13:45:00,Y_IDX,CLOSE_SHORT,,,-480.0,48.55
2026-04-30 13:45:00,P_IDX,CLOSE_SHORT,,,60.0,49.726
2026-04-30 13:45:00,SR_IDX,CLOSE_SHORT,,,390.0,38.118
2026-04-30 13:45:00,JM_IDX,OPEN_LONG,2.0,1267.0,,
2026-04-30 13:45:00,RU_IDX,OPEN_LONG,1.0,17605.0,,
2026-04-30 13:45:00,AL_IDX,OPEN_LONG,1.0,24665.0,,
2026-04-30 13:45:00,FG_IDX,OPEN_SHORT,9.0,1031.0,,
2026-04-30 13:45:00,SI_IDX,OPEN_SHORT,4.0,8700.0,,
2026-04-30 13:45:00,CF_IDX,OPEN_SHORT,2.0,16360.0,,
2026-05-01 00:00:00,AL_IDX,STOP_LOSS_LONG,,,-1350.0,28.65925
2026-05-01 11:00:00,FG_IDX,STOP_LOSS_SHORT,,,-1980.0,198.756
2026-05-01 14:45:00,CF_IDX,STOP_LOSS_SHORT,,,-1850.0,59.927
2026-05-06 09:15:00,SI_IDX,STOP_LOSS_SHORT,,,-2200.0,110.572
2026-05-06 10:45:00,HC_IDX,CLOSE_LONG,,,5300.0,67.39
2026-05-06 10:45:00,JM_IDX,CLOSE_LONG,,,6540.0,83.787
2026-05-06 10:45:00,ZN_IDX,OPEN_LONG,1.0,24160.0,,
2026-05-06 10:45:00,JM_IDX,OPEN_SHORT,2.0,1321.5,,
2026-05-06 10:45:00,C_IDX,OPEN_SHORT,8.0,2429.0,,
2026-05-06 10:45:00,SR_IDX,OPEN_SHORT,3.0,5443.0,,
2026-05-06 10:45:00,P_IDX,OPEN_SHORT,2.0,9906.0,,
2026-05-08 10:00:00,RU_IDX,CLOSE_LONG,,,1600.0,64.212
2026-05-08 10:00:00,ZN_IDX,CLOSE_LONG,,,100.0,28.627
2026-05-08 10:00:00,JM_IDX,CLOSE_SHORT,,,4020.0,83.184
2026-05-08 10:00:00,C_IDX,CLOSE_SHORT,,,4000.0,87.61280000000001
2026-05-08 10:00:00,P_IDX,CLOSE_SHORT,,,3880.0,49.712
2026-05-08 10:00:00,Y_IDX,OPEN_LONG,2.0,8562.0,,
2026-05-08 10:00:00,JM_IDX,OPEN_LONG,2.0,1288.0,,
2026-05-08 10:00:00,CF_IDX,OPEN_SHORT,2.0,16755.0,,
2026-05-08 13:40:00,JM_IDX,CLOSE_LONG,,,120.0,83.202
2026-05-08 13:40:00,CF_IDX,CLOSE_SHORT,,,850.0,60.002
2026-05-08 13:40:00,AL_IDX,OPEN_LONG,1.0,24380.0,,
2026-05-08 13:40:00,P_IDX,OPEN_LONG,2.0,9738.0,,
2026-05-08 13:40:00,FG_IDX,OPEN_SHORT,9.0,1067.0,,
2026-05-08 13:40:00,HC_IDX,OPEN_SHORT,5.0,3482.0,,
2026-05-08 13:40:00,I_IDX,OPEN_SHORT,2.0,815.5,,
2026-05-08 14:25:00,FG_IDX,STOP_LOSS_SHORT,,,-1980.0,199.404
2026-05-09 13:45:00,Y_IDX,STOP_LOSS_LONG,,,-1900.0,48.467
2026-05-11 01:55:00,I_IDX,STOP_LOSS_SHORT,,,-1700.0,116.48
2026-05-11 21:30:00,P_IDX,STOP_LOSS_LONG,,,-2020.0,49.637
2026-05-12 23:00:00,SR_IDX,STOP_LOSS_SHORT,,,-1680.0,38.2485
2026-05-13 09:45:00,AL_IDX,CLOSE_LONG,,,1375.0,28.69825
2026-05-13 09:45:00,SI_IDX,OPEN_LONG,4.0,8640.0,,
2026-05-13 09:45:00,CF_IDX,OPEN_LONG,2.0,16525.0,,
2026-05-13 09:45:00,P_IDX,OPEN_LONG,2.0,9666.0,,
2026-05-13 09:45:00,ZN_IDX,OPEN_LONG,1.0,24410.0,,
2026-05-13 09:45:00,FG_IDX,OPEN_SHORT,9.0,1059.0,,
2026-05-13 09:45:00,RU_IDX,OPEN_SHORT,1.0,17955.0,,
2026-05-13 09:45:00,C_IDX,OPEN_SHORT,8.0,2360.0,,
2026-05-13 11:15:00,P_IDX,STOP_LOSS_LONG,,,-2140.0,49.559
2026-05-14 11:15:00,RU_IDX,STOP_LOSS_SHORT,,,-2300.0,64.548
2026-05-14 11:30:00,SI_IDX,CLOSE_LONG,,,400.0,110.392
2026-05-14 11:30:00,CF_IDX,CLOSE_LONG,,,-750.0,59.870000000000005
2026-05-14 11:30:00,ZN_IDX,CLOSE_LONG,,,1950.0,28.72
2026-05-14 11:30:00,FG_IDX,CLOSE_SHORT,,,360.0,199.026
2026-05-14 11:30:00,C_IDX,CLOSE_SHORT,,,-1360.0,87.60640000000001
2026-05-14 11:30:00,RU_IDX,OPEN_LONG,1.0,18225.0,,
2026-05-14 11:30:00,SR_IDX,OPEN_LONG,3.0,5485.0,,
2026-05-14 11:30:00,JM_IDX,OPEN_LONG,2.0,1260.0,,
2026-05-14 11:30:00,ZN_IDX,OPEN_SHORT,1.0,24800.0,,
2026-05-14 11:30:00,Y_IDX,OPEN_SHORT,2.0,8534.0,,
2026-05-14 11:30:00,CF_IDX,OPEN_SHORT,2.0,16450.0,,
2026-05-14 13:10:00,JM_IDX,STOP_LOSS_LONG,,,-2280.0,82.338
2026-05-15 10:45:00,RU_IDX,STOP_LOSS_LONG,,,-2150.0,64.408
2026-05-15 14:40:00,SR_IDX,CLOSE_LONG,,,1050.0,38.28
2026-05-15 14:40:00,CF_IDX,CLOSE_SHORT,,,150.0,59.861000000000004
2026-05-15 14:40:00,RU_IDX,OPEN_LONG,1.0,17885.0,,
2026-05-15 14:40:00,M_IDX,OPEN_LONG,6.0,2975.0,,
2026-05-15 14:40:00,SR_IDX,OPEN_SHORT,3.0,5520.0,,
2026-05-15 21:15:00,ZN_IDX,STOP_LOSS_SHORT,,,-1450.0,28.7635
2026-05-16 09:15:00,RU_IDX,STOP_LOSS_LONG,,,-2250.0,64.128
2026-05-19 11:15:00,M_IDX,CLOSE_LONG,,,-178500.0,60.0
2026-05-19 11:15:00,HC_IDX,CLOSE_SHORT,,,2500.0,67.16
2026-05-19 11:15:00,C_IDX,OPEN_LONG,7.0,2350.0,,
2026-05-19 11:15:00,JM_IDX,OPEN_LONG,2.0,1252.5,,
2026-05-19 11:15:00,P_IDX,OPEN_LONG,1.0,9518.0,,
2026-05-19 11:15:00,SI_IDX,OPEN_SHORT,4.0,8425.0,,
2026-05-19 11:15:00,CF_IDX,OPEN_SHORT,2.0,16120.0,,
2026-05-19 13:10:00,JM_IDX,STOP_LOSS_LONG,,,-5400.0,81.735
2026-05-20 14:25:00,P_IDX,CLOSE_LONG,,,1210.0,24.8195
2026-05-20 14:25:00,Y_IDX,CLOSE_SHORT,,,-360.0,48.552
2026-05-20 14:25:00,SI_IDX,CLOSE_SHORT,,,168500.0,100.0
2026-05-20 14:25:00,CF_IDX,CLOSE_SHORT,,,-100.0,59.678
2026-05-20 14:25:00,Y_IDX,OPEN_LONG,2.0,8552.0,,
2026-05-20 14:25:00,FG_IDX,OPEN_LONG,9.0,1021.0,,
2026-05-20 14:25:00,RU_IDX,OPEN_SHORT,1.0,17770.0,,
2026-05-20 14:25:00,ZN_IDX,OPEN_SHORT,1.0,24675.0,,
2026-05-20 14:25:00,TA_IDX,OPEN_SHORT,6.0,6336.0,,
2026-05-20 21:10:00,TA_IDX,STOP_LOSS_SHORT,,,-2040.0,71.5272
2026-05-21 06:25:00,C_IDX,STOP_LOSS_LONG,,,-1680.0,76.5128
2026-05-21 13:40:00,FG_IDX,STOP_LOSS_LONG,,,-2160.0,198.162
2026-05-22 09:15:00,ZN_IDX,STOP_LOSS_SHORT,,,-1375.0,28.7425
2026-05-22 10:00:00,Y_IDX,CLOSE_LONG,,,120.0,48.558
2026-05-22 10:00:00,RU_IDX,CLOSE_SHORT,,,700.0,64.16
2026-05-22 10:00:00,ZN_IDX,OPEN_LONG,1.0,24960.0,,
2026-05-22 10:00:00,AL_IDX,OPEN_LONG,1.0,24635.0,,
2026-05-22 10:00:00,Y_IDX,OPEN_SHORT,2.0,8558.0,,
2026-05-22 10:00:00,HC_IDX,OPEN_SHORT,5.0,3418.0,,
2026-05-22 10:00:00,CF_IDX,OPEN_SHORT,2.0,16095.0,,
2026-05-22 13:40:00,ZN_IDX,CLOSE_LONG,,,-325.0,28.73425
2026-05-22 13:40:00,AL_IDX,CLOSE_LONG,,,-475.0,28.681
2026-05-22 13:40:00,Y_IDX,CLOSE_SHORT,,,80.0,48.554
2026-05-22 13:40:00,CF_IDX,CLOSE_SHORT,,,400.0,59.633
2026-05-22 13:40:00,Y_IDX,OPEN_LONG,2.0,8554.0,,
2026-05-22 13:40:00,M_IDX,OPEN_LONG,6.0,3006.0,,
2026-05-22 13:40:00,P_IDX,OPEN_LONG,2.0,9621.0,,
2026-05-22 13:40:00,C_IDX,OPEN_LONG,8.0,2338.0,,
2026-05-22 13:40:00,AL_IDX,OPEN_SHORT,1.0,24540.0,,
2026-05-22 21:15:00,P_IDX,STOP_LOSS_LONG,,,-2460.0,49.498000000000005
2026-05-23 10:10:00,M_IDX,STOP_LOSS_LONG,,,-1980.0,68.919
2026-05-25 21:45:00,Y_IDX,STOP_LOSS_LONG,,,-1720.0,48.468
2026-05-26 13:25:00,C_IDX,STOP_LOSS_LONG,,,-2080.0,87.3984
2026-05-27 09:45:00,HC_IDX,CLOSE_SHORT,,,1750.0,66.91499999999999
2026-05-27 09:45:00,AL_IDX,CLOSE_SHORT,,,1125.0,28.64725
2026-05-27 09:45:00,FG_IDX,OPEN_LONG,9.0,1028.0,,
2026-05-27 09:45:00,SI_IDX,OPEN_LONG,4.0,8630.0,,
2026-05-27 09:45:00,Y_IDX,OPEN_SHORT,2.0,8443.0,,
2026-05-27 09:45:00,ZN_IDX,OPEN_SHORT,1.0,24880.0,,
2026-05-27 09:45:00,RU_IDX,OPEN_SHORT,1.0,17440.0,,
2026-05-27 13:40:00,ZN_IDX,STOP_LOSS_SHORT,,,-1375.0,28.77325
2026-05-27 14:30:00,SI_IDX,STOP_LOSS_LONG,,,-1800.0,110.248
2026-05-28 09:30:00,RU_IDX,STOP_LOSS_SHORT,,,-2400.0,64.144
2026-05-28 11:30:00,FG_IDX,CLOSE_LONG,,,2160.0,198.72
2026-05-28 11:30:00,Y_IDX,CLOSE_SHORT,,,-40.0,48.445
2026-05-28 11:30:00,SI_IDX,OPEN_LONG,4.0,8525.0,,
2026-05-28 11:30:00,HC_IDX,OPEN_SHORT,5.0,3364.0,,
2026-05-28 11:30:00,C_IDX,OPEN_SHORT,8.0,2312.0,,
2026-05-28 11:30:00,CF_IDX,OPEN_SHORT,2.0,16125.0,,
2026-05-29 14:40:00,SI_IDX,CLOSE_LONG,,,-170500.0,100.0
2026-05-29 14:40:00,SR_IDX,CLOSE_SHORT,,,3570.0,38.1015
2026-05-29 14:40:00,C_IDX,CLOSE_SHORT,,,-1120.0,87.4432
2026-05-29 14:40:00,CF_IDX,CLOSE_SHORT,,,-650.0,59.714
2026-05-29 14:40:00,Y_IDX,OPEN_LONG,2.0,8519.0,,
2026-05-29 14:40:00,I_IDX,OPEN_LONG,2.0,779.5,,
2026-05-29 14:40:00,RB_IDX,OPEN_SHORT,5.0,3161.0,,
2026-05-29 14:40:00,ZN_IDX,OPEN_SHORT,1.0,24715.0,,
2026-05-30 09:30:00,ZN_IDX,STOP_LOSS_SHORT,,,-1400.0,28.74925
2026-06-02 10:00:00,HC_IDX,STOP_LOSS_SHORT,,,-1800.0,67.0
2026-06-02 11:15:00,Y_IDX,CLOSE_LONG,,,1020.0,48.57
2026-06-02 11:15:00,I_IDX,CLOSE_LONG,,,-155900.0,100.0
2026-06-02 11:15:00,RB_IDX,CLOSE_SHORT,,,158050.0,50.0
2026-06-02 11:15:00,HC_IDX,OPEN_LONG,5.0,3403.0,,
2026-06-02 11:15:00,CF_IDX,OPEN_LONG,2.0,16345.0,,
2026-06-02 11:15:00,SR_IDX,OPEN_LONG,3.0,5471.0,,
2026-06-02 11:15:00,JM_IDX,OPEN_LONG,2.0,1404.5,,
2026-06-02 11:15:00,SI_IDX,OPEN_SHORT,4.0,8705.0,,
2026-06-02 11:15:00,ZN_IDX,OPEN_SHORT,1.0,24695.0,,
2026-06-02 11:15:00,AL_IDX,OPEN_SHORT,1.0,24355.0,,
2026-06-02 13:10:00,JM_IDX,STOP_LOSS_LONG,,,-5520.0,84.453
2026-06-03 01:00:00,ZN_IDX,STOP_LOSS_SHORT,,,-2550.0,28.78075
2026-06-03 01:00:00,AL_IDX,STOP_LOSS_SHORT,,,-1900.0,28.710250000000002
2026-06-03 14:25:00,HC_IDX,CLOSE_LONG,,,-400.0,66.975
2026-06-03 14:25:00,CF_IDX,CLOSE_LONG,,,500.0,59.837
2026-06-03 14:25:00,SR_IDX,CLOSE_LONG,,,-60.0,38.2035
2026-06-03 14:25:00,SI_IDX,CLOSE_SHORT,,,174100.0,100.0
2026-06-03 14:25:00,AL_IDX,OPEN_LONG,1.0,24835.0,,
2026-06-03 14:25:00,C_IDX,OPEN_LONG,8.0,2304.0,,
2026-06-03 14:25:00,FG_IDX,OPEN_LONG,9.0,1049.0,,
2026-06-03 14:25:00,SR_IDX,OPEN_SHORT,3.0,5469.0,,
2026-06-03 14:25:00,RB_IDX,OPEN_SHORT,6.0,3175.0,,
2026-06-03 14:25:00,MA_IDX,OPEN_SHORT,6.0,2922.0,,
2026-06-04 01:00:00,AL_IDX,STOP_LOSS_LONG,,,-2275.0,28.657
2026-06-05 10:00:00,C_IDX,CLOSE_LONG,,,-320.0,87.36
2026-06-05 10:00:00,FG_IDX,CLOSE_LONG,,,-1440.0,198.738
2026-06-05 10:00:00,SR_IDX,CLOSE_SHORT,,,1260.0,38.1405
2026-06-05 10:00:00,RB_IDX,CLOSE_SHORT,,,190500.0,60.0
2026-06-05 10:00:00,MA_IDX,CLOSE_SHORT,,,175320.0,60.0
2026-06-05 10:00:00,ZN_IDX,OPEN_LONG,1.0,24945.0,,
2026-06-05 10:00:00,RU_IDX,OPEN_LONG,1.0,18010.0,,
2026-06-05 10:00:00,SI_IDX,OPEN_LONG,5.0,8610.0,,
2026-06-05 10:00:00,P_IDX,OPEN_SHORT,2.0,9758.0,,
2026-06-05 10:00:00,HC_IDX,OPEN_SHORT,6.0,3385.0,,
2026-06-05 10:00:00,Y_IDX,OPEN_SHORT,2.0,8529.0,,
2026-06-05 13:40:00,RU_IDX,CLOSE_LONG,,,650.0,64.46000000000001
2026-06-05 13:40:00,SI_IDX,CLOSE_LONG,,,-215250.0,125.0
2026-06-05 13:40:00,P_IDX,CLOSE_SHORT,,,1680.0,49.674
2026-06-05 13:40:00,HC_IDX,CLOSE_SHORT,,,60.0,80.304
2026-06-05 13:40:00,Y_IDX,CLOSE_SHORT,,,600.0,48.499
2026-06-05 13:40:00,SR_IDX,OPEN_LONG,3.0,5413.0,,
2026-06-05 13:40:00,AL_IDX,OPEN_SHORT,1.0,24440.0,,
2026-06-05 13:40:00,J_IDX,OPEN_SHORT,1.0,2038.0,,
2026-06-05 13:40:00,CF_IDX,OPEN_SHORT,2.0,16340.0,,
2026-06-05 13:40:00,I_IDX,OPEN_SHORT,2.0,764.0,,
2026-06-05 21:40:00,J_IDX,STOP_LOSS_SHORT,,,-2100.0,80.88499999999999
2026-06-06 09:15:00,SR_IDX,STOP_LOSS_LONG,,,-1650.0,38.037
2026-06-09 01:00:00,ZN_IDX,STOP_LOSS_LONG,,,-1300.0,28.70275
2026-06-10 06:40:00,I_IDX,STOP_LOSS_SHORT,,,-2400.0,115.52
2026-06-10 09:45:00,AL_IDX,CLOSE_SHORT,,,1625.0,28.61725
2026-06-10 09:45:00,Y_IDX,OPEN_LONG,2.0,8312.0,,
2026-06-10 09:45:00,HC_IDX,OPEN_LONG,6.0,3357.0,,
2026-06-10 09:45:00,SI_IDX,OPEN_LONG,4.0,8620.0,,
2026-06-10 09:45:00,SR_IDX,OPEN_SHORT,3.0,5362.0,,
2026-06-10 09:45:00,RU_IDX,OPEN_SHORT,1.0,17665.0,,
2026-06-10 09:45:00,FG_IDX,OPEN_SHORT,10.0,1003.0,,
2026-06-11 11:30:00,Y_IDX,CLOSE_LONG,,,-100.0,48.307
2026-06-11 11:30:00,HC_IDX,CLOSE_LONG,,,0.0,80.142
2026-06-11 11:30:00,SI_IDX,CLOSE_LONG,,,2300.0,110.482
2026-06-11 11:30:00,CF_IDX,CLOSE_SHORT,,,5500.0,59.474000000000004
2026-06-11 11:30:00,RU_IDX,CLOSE_SHORT,,,2450.0,63.936
2026-06-11 11:30:00,FG_IDX,CLOSE_SHORT,,,600.0,220.0
2026-06-11 11:30:00,AL_IDX,OPEN_LONG,1.0,23915.0,,
2026-06-11 11:30:00,RU_IDX,OPEN_LONG,1.0,17420.0,,
2026-06-11 11:30:00,ZN_IDX,OPEN_LONG,1.0,24705.0,,
2026-06-11 11:30:00,C_IDX,OPEN_LONG,9.0,2333.0,,
2026-06-11 11:30:00,HC_IDX,OPEN_SHORT,6.0,3357.0,,
2026-06-11 11:30:00,JM_IDX,OPEN_SHORT,2.0,1371.5,,
2026-06-11 21:15:00,JM_IDX,STOP_LOSS_SHORT,,,-4080.0,85.299
2026-06-11 23:00:00,ZN_IDX,STOP_LOSS_LONG,,,-1575.0,28.6585
2026-06-12 14:40:00,AL_IDX,CLOSE_LONG,,,750.0,28.60975
2026-06-12 14:40:00,RU_IDX,CLOSE_LONG,,,1500.0,64.056
2026-06-12 14:40:00,C_IDX,CLOSE_LONG,,,1260.0,98.4492
2026-06-12 14:40:00,SR_IDX,CLOSE_SHORT,,,1140.0,37.986000000000004
2026-06-12 14:40:00,HC_IDX,CLOSE_SHORT,,,-240.0,80.166
2026-06-12 14:40:00,SR_IDX,OPEN_LONG,3.0,5324.0,,
2026-06-12 14:40:00,HC_IDX,OPEN_LONG,6.0,3361.0,,
2026-06-12 14:40:00,TA_IDX,OPEN_LONG,6.0,6298.0,,
2026-06-12 14:40:00,LC_IDX,OPEN_SHORT,1.0,177620.0,,
2026-06-12 14:40:00,CF_IDX,OPEN_SHORT,2.0,15800.0,,
2026-06-12 14:40:00,I_IDX,OPEN_SHORT,2.0,766.0,,
2026-06-12 14:40:00,FG_IDX,OPEN_SHORT,10.0,1000.0,,
2026-06-13 09:25:00,TA_IDX,STOP_LOSS_LONG,,,-2160.0,71.2068
2026-06-15 21:15:00,FG_IDX,STOP_LOSS_SHORT,,,-2200.0,220.22
2026-06-16 13:55:00,SR_IDX,CLOSE_LONG,,,930.0,38.0325
2026-06-16 13:55:00,HC_IDX,CLOSE_LONG,,,2040.0,80.37
2026-06-16 13:55:00,LC_IDX,CLOSE_SHORT,,,7380.0,63.6192
2026-06-16 13:55:00,I_IDX,CLOSE_SHORT,,,600.0,115.26
2026-06-16 13:55:00,ZN_IDX,OPEN_LONG,1.0,24850.0,,
2026-06-16 13:55:00,P_IDX,OPEN_LONG,2.0,9291.0,,
2026-06-16 13:55:00,M_IDX,OPEN_LONG,7.0,2964.0,,
2026-06-16 13:55:00,C_IDX,OPEN_LONG,9.0,2330.0,,
2026-06-16 13:55:00,TA_IDX,OPEN_SHORT,7.0,5796.0,,
2026-06-16 13:55:00,J_IDX,OPEN_SHORT,1.0,2088.0,,
2026-06-16 13:55:00,AL_IDX,OPEN_SHORT,1.0,24280.0,,
2026-06-16 21:10:00,M_IDX,STOP_LOSS_LONG,,,-2450.0,80.2515
2026-06-16 21:10:00,TA_IDX,STOP_LOSS_SHORT,,,-2170.0,82.3018
2026-06-17 21:15:00,CF_IDX,STOP_LOSS_SHORT,,,-2400.0,59.624
2026-06-22 13:40:00,ZN_IDX,CLOSE_LONG,,,-550.0,28.711
2026-06-22 13:40:00,P_IDX,CLOSE_LONG,,,2900.0,49.436
2026-06-22 13:40:00,C_IDX,CLOSE_LONG,,,-990.0,98.3484
2026-06-22 13:40:00,J_IDX,CLOSE_SHORT,,,7750.0,80.1575
2026-06-22 13:40:00,AL_IDX,CLOSE_SHORT,,,975.0,28.61275
2026-06-22 13:40:00,AL_IDX,OPEN_LONG,1.0,24085.0,,
2026-06-22 13:40:00,SA_IDX,OPEN_LONG,9.0,1121.0,,
2026-06-22 13:40:00,LC_IDX,OPEN_LONG,1.0,156700.0,,
2026-06-22 13:40:00,SR_IDX,OPEN_SHORT,3.0,5356.0,,
2026-06-22 13:40:00,CF_IDX,OPEN_SHORT,2.0,16180.0,,
2026-06-22 13:40:00,RB_IDX,OPEN_SHORT,6.0,3120.0,,
2026-06-22 13:40:00,M_IDX,OPEN_SHORT,7.0,2923.0,,
2026-06-23 02:55:00,LC_IDX,STOP_LOSS_LONG,,,-1600.0,62.408
2026-06-24 01:00:00,AL_IDX,STOP_LOSS_LONG,,,-2575.0,28.5355
2026-06-24 02:40:00,M_IDX,STOP_LOSS_SHORT,,,-2170.0,80.339
2026-06-25 06:40:00,SA_IDX,STOP_LOSS_LONG,,,-2700.0,199.90800000000002
2026-06-30 11:00:00,SR_IDX,CLOSE_SHORT,,,2010.0,37.9335
2026-06-30 11:00:00,CF_IDX,CLOSE_SHORT,,,1950.0,59.591
2026-06-30 11:00:00,RB_IDX,CLOSE_SHORT,,,187200.0,60.0
2026-06-30 11:00:00,C_IDX,OPEN_LONG,10.0,2315.0,,
2026-06-30 11:00:00,CF_IDX,OPEN_LONG,2.0,15985.0,,
2026-06-30 11:00:00,AL_IDX,OPEN_SHORT,2.0,23015.0,,
2026-06-30 11:00:00,FG_IDX,OPEN_SHORT,11.0,981.0,,
2026-06-30 11:00:00,RU_IDX,OPEN_SHORT,1.0,16690.0,,
2026-06-30 11:00:00,P_IDX,OPEN_SHORT,2.0,9421.0,,
2026-06-30 14:25:00,C_IDX,CLOSE_LONG,,,800.0,109.292
2026-06-30 14:25:00,AL_IDX,CLOSE_SHORT,,,-550.0,56.921
2026-06-30 14:25:00,FG_IDX,CLOSE_SHORT,,,-1540.0,241.736
2026-06-30 14:25:00,RU_IDX,CLOSE_SHORT,,,-650.0,63.404
2026-06-30 14:25:00,P_IDX,CLOSE_SHORT,,,-540.0,49.448
2026-06-30 14:25:00,LC_IDX,OPEN_LONG,1.0,159860.0,,
2026-06-30 14:25:00,AG_IDX,OPEN_SHORT,1.0,14279.0,,
2026-06-30 14:25:00,TA_IDX,OPEN_SHORT,8.0,5552.0,,
2026-06-30 14:25:00,MA_IDX,OPEN_SHORT,9.0,2416.0,,
2026-06-30 14:25:00,SR_IDX,OPEN_SHORT,4.0,5300.0,,
2026-06-30 15:10:00,AG_IDX,STOP_LOSS_SHORT,,,-5100.0,25.96425
2026-07-01 10:55:00,MA_IDX,STOP_LOSS_SHORT,,,-2340.0,107.5824
2026-07-01 11:00:00,CF_IDX,CLOSE_LONG,,,2650.0,59.75
2026-07-01 11:00:00,LC_IDX,CLOSE_LONG,,,-159860.0,50.0
2026-07-01 11:00:00,TA_IDX,CLOSE_SHORT,,,222080.0,80.0
2026-07-01 11:00:00,SR_IDX,CLOSE_SHORT,,,-920.0,50.646
2026-07-01 11:00:00,C_IDX,OPEN_LONG,10.0,2311.0,,
2026-07-01 11:00:00,RU_IDX,OPEN_LONG,1.0,16960.0,,
2026-07-01 11:00:00,HC_IDX,OPEN_SHORT,7.0,3309.0,,
2026-07-01 11:00:00,Y_IDX,OPEN_SHORT,2.0,8413.0,,
2026-07-01 11:00:00,AL_IDX,OPEN_SHORT,2.0,22520.0,,
2026-07-01 11:00:00,P_IDX,OPEN_SHORT,2.0,9376.0,,
2026-07-01 14:25:00,C_IDX,CLOSE_LONG,,,2500.0,109.344
2026-07-01 14:25:00,RU_IDX,CLOSE_LONG,,,-400.0,63.536
2026-07-01 14:25:00,Y_IDX,CLOSE_SHORT,,,140.0,48.406
2026-07-01 14:25:00,P_IDX,CLOSE_SHORT,,,340.0,49.359
2026-07-01 14:25:00,LC_IDX,OPEN_LONG,1.0,165880.0,,
2026-07-01 14:25:00,J_IDX,OPEN_LONG,1.0,1903.5,,
2026-07-01 14:25:00,FG_IDX,OPEN_SHORT,12.0,984.0,,
2026-07-01 14:25:00,AG_IDX,OPEN_SHORT,1.0,14077.0,,
2026-07-01 14:40:00,LC_IDX,STOP_LOSS_LONG,,,-1800.0,63.126400000000004
2026-07-01 15:10:00,AG_IDX,STOP_LOSS_SHORT,,,-9315.0,26.0235
2026-07-01 22:30:00,AL_IDX,STOP_LOSS_SHORT,,,-2350.0,56.8265
2026-07-02 11:00:00,J_IDX,CLOSE_LONG,,,-190350.0,50.0
2026-07-02 11:00:00,HC_IDX,CLOSE_SHORT,,,1750.0,92.988
2026-07-02 11:00:00,FG_IDX,CLOSE_SHORT,,,1680.0,263.448
2026-07-02 11:00:00,C_IDX,OPEN_LONG,9.0,2307.0,,
2026-07-02 11:00:00,CF_IDX,OPEN_SHORT,2.0,16240.0,,
2026-07-02 11:00:00,SR_IDX,OPEN_SHORT,4.0,5322.0,,
2026-07-02 11:00:00,ZN_IDX,OPEN_SHORT,1.0,24475.0,,
2026-07-02 11:00:00,RU_IDX,OPEN_SHORT,1.0,16885.0,,
2026-07-02 14:25:00,CF_IDX,CLOSE_SHORT,,,-800.0,59.792
2026-07-02 14:25:00,SR_IDX,CLOSE_SHORT,,,80.0,50.64
2026-07-02 14:25:00,ZN_IDX,CLOSE_SHORT,,,225.0,28.6645
2026-07-02 14:25:00,RU_IDX,CLOSE_SHORT,,,250.0,63.488
2026-07-02 14:25:00,AL_IDX,OPEN_LONG,1.0,22415.0,,
2026-07-02 14:25:00,HC_IDX,OPEN_LONG,6.0,3279.0,,
2026-07-02 14:25:00,MA_IDX,OPEN_LONG,9.0,2370.0,,
2026-07-02 14:25:00,LC_IDX,OPEN_SHORT,1.0,165460.0,,
2026-07-02 14:25:00,P_IDX,OPEN_SHORT,2.0,9345.0,,
2026-07-02 14:25:00,FG_IDX,OPEN_SHORT,11.0,978.0,,
2026-07-02 21:25:00,MA_IDX,STOP_LOSS_LONG,,,-2160.0,106.8912
2026-07-03 09:10:00,LC_IDX,STOP_LOSS_SHORT,,,-4960.0,63.6336
2026-07-03 11:00:00,C_IDX,CLOSE_LONG,,,1080.0,98.3484
2026-07-03 11:00:00,AL_IDX,CLOSE_LONG,,,675.0,28.3825
2026-07-03 11:00:00,HC_IDX,CLOSE_LONG,,,240.0,79.69800000000001
2026-07-03 11:00:00,P_IDX,CLOSE_SHORT,,,620.0,49.314
2026-07-03 11:00:00,FG_IDX,CLOSE_SHORT,,,660.0,241.45
2026-07-03 11:00:00,JM_IDX,OPEN_LONG,2.0,1321.0,,
2026-07-03 11:00:00,ZN_IDX,OPEN_LONG,1.0,24355.0,,
2026-07-03 11:00:00,SR_IDX,OPEN_SHORT,4.0,5323.0,,
2026-07-03 11:00:00,CF_IDX,OPEN_SHORT,2.0,16335.0,,
2026-07-03 11:00:00,C_IDX,OPEN_SHORT,9.0,2319.0,,
2026-07-03 11:00:00,RU_IDX,OPEN_SHORT,1.0,16835.0,,
2026-07-03 13:10:00,JM_IDX,STOP_LOSS_LONG,,,-5760.0,82.914
2026-07-03 13:40:00,ZN_IDX,STOP_LOSS_LONG,,,-1250.0,28.61575
2026-07-03 14:25:00,SR_IDX,CLOSE_SHORT,,,440.0,50.624
2026-07-03 14:25:00,CF_IDX,CLOSE_SHORT,,,650.0,59.762
2026-07-03 14:25:00,C_IDX,CLOSE_SHORT,,,1800.0,98.2764
2026-07-03 14:25:00,RU_IDX,CLOSE_SHORT,,,-100.0,63.476
2026-07-03 14:25:00,FG_IDX,OPEN_LONG,10.0,985.0,,
2026-07-03 14:25:00,J_IDX,OPEN_LONG,1.0,1953.0,,
2026-07-03 14:25:00,SA_IDX,OPEN_SHORT,9.0,1111.0,,
2026-07-03 14:25:00,I_IDX,OPEN_SHORT,2.0,737.0,,
2026-07-03 14:25:00,Y_IDX,OPEN_SHORT,2.0,8401.0,,
2026-07-03 21:10:00,J_IDX,STOP_LOSS_LONG,,,-2450.0,78.9275
2026-07-04 10:40:00,SA_IDX,STOP_LOSS_SHORT,,,-2520.0,200.25
2026-07-07 01:55:00,I_IDX,STOP_LOSS_SHORT,,,-1600.0,114.9
2026-07-07 14:10:00,Y_IDX,STOP_LOSS_SHORT,,,-1720.0,48.487
2026-07-07 14:55:00,FG_IDX,CLOSE_LONG,,,0.0,219.7
2026-07-07 14:55:00,Y_IDX,OPEN_LONG,2.0,8473.0,,
2026-07-07 14:55:00,LC_IDX,OPEN_LONG,1.0,163440.0,,
2026-07-07 14:55:00,AL_IDX,OPEN_LONG,1.0,22890.0,,
2026-07-07 14:55:00,RU_IDX,OPEN_SHORT,1.0,17140.0,,
2026-07-07 14:55:00,M_IDX,OPEN_SHORT,7.0,3032.0,,
2026-07-07 14:55:00,I_IDX,OPEN_SHORT,2.0,737.0,,
2026-07-07 14:55:00,RB_IDX,OPEN_SHORT,7.0,3068.0,,
2026-07-08 01:55:00,I_IDX,STOP_LOSS_SHORT,,,-1600.0,114.9
2026-07-08 05:40:00,RB_IDX,STOP_LOSS_SHORT,,,-2240.0,91.7
2026-07-08 10:55:00,LC_IDX,STOP_LOSS_LONG,,,-1880.0,62.924800000000005
2026-07-08 14:25:00,Y_IDX,CLOSE_LONG,,,1800.0,48.563
2026-07-08 14:25:00,AL_IDX,CLOSE_LONG,,,575.0,28.45075
2026-07-08 14:25:00,M_IDX,CLOSE_SHORT,,,-2030.0,80.7135
2026-07-08 14:25:00,TA_IDX,OPEN_LONG,7.0,5744.0,,
2026-07-08 14:25:00,SR_IDX,OPEN_SHORT,3.0,5374.0,,
2026-07-08 14:25:00,CF_IDX,OPEN_SHORT,2.0,16490.0,,
2026-07-08 21:10:00,TA_IDX,STOP_LOSS_LONG,,,-9450.0,81.4954
2026-07-09 13:55:00,SR_IDX,CLOSE_SHORT,,,1530.0,37.9845
2026-07-09 13:55:00,CF_IDX,CLOSE_SHORT,,,1800.0,59.786
2026-07-09 13:55:00,LC_IDX,OPEN_LONG,1.0,153140.0,,
2026-07-09 13:55:00,AL_IDX,OPEN_SHORT,1.0,23110.0,,
2026-07-09 13:55:00,ZN_IDX,OPEN_SHORT,1.0,24720.0,,
2026-07-09 13:55:00,RB_IDX,OPEN_SHORT,6.0,3086.0,,
2026-07-10 09:40:00,LC_IDX,STOP_LOSS_LONG,,,-1720.0,62.113600000000005
2026-07-10 23:15:00,ZN_IDX,STOP_LOSS_SHORT,,,-1275.0,28.74625
2026-07-15 10:00:00,AL_IDX,STOP_LOSS_SHORT,,,-1175.0,28.50175
2026-07-15 10:45:00,RU_IDX,STOP_LOSS_SHORT,,,-2750.0,63.932
2026-07-16 21:40:00,RB_IDX,STOP_LOSS_SHORT,,,-1920.0,78.708
2026-07-24 11:10:00,Y_IDX,OPEN_LONG,2.0,8577.0,,
2026-07-24 11:10:00,JM_IDX,OPEN_LONG,2.0,1282.5,,
2026-07-24 11:10:00,TA_IDX,OPEN_LONG,7.0,5968.0,,
2026-07-24 11:10:00,RU_IDX,OPEN_LONG,1.0,16775.0,,
2026-07-24 11:10:00,J_IDX,OPEN_SHORT,1.0,1842.0,,
2026-07-24 11:10:00,SI_IDX,OPEN_SHORT,5.0,8290.0,,
2026-07-24 21:10:00,TA_IDX,STOP_LOSS_LONG,,,-4130.0,82.285
2026-07-24 22:55:00,Y_IDX,CLOSE_LONG,,,520.0,48.603
2026-07-24 22:55:00,SI_IDX,CLOSE_SHORT,,,207250.0,125.0
2026-07-24 22:55:00,SR_IDX,OPEN_LONG,4.0,5155.0,,
2026-07-24 22:55:00,I_IDX,OPEN_SHORT,3.0,744.0,,
2026-07-24 22:55:00,RB_IDX,OPEN_SHORT,7.0,3085.0,,
2026-07-24 22:55:00,M_IDX,OPEN_SHORT,7.0,3208.0,,
2026-07-25 09:10:00,J_IDX,STOP_LOSS_SHORT,,,-2050.0,77.9375
2026-07-27 09:10:00,JM_IDX,STOP_LOSS_LONG,,,-1980.0,82.788
2026-07-28 10:40:00,RU_IDX,CLOSE_LONG,,,-500.0,63.38
2026-07-28 10:40:00,SR_IDX,CLOSE_LONG,,,-240.0,50.298
2026-07-28 10:40:00,RB_IDX,CLOSE_SHORT,,,1820.0,91.413
2026-07-28 10:40:00,M_IDX,CLOSE_SHORT,,,6440.0,80.906
2026-07-28 10:40:00,SA_IDX,OPEN_LONG,12.0,975.0,,
2026-07-28 10:40:00,FG_IDX,OPEN_LONG,13.0,889.0,,
2026-07-28 10:40:00,Y_IDX,OPEN_LONG,2.0,8405.0,,
2026-07-28 10:40:00,TA_IDX,OPEN_SHORT,8.0,5640.0,,
2026-07-28 10:40:00,RU_IDX,OPEN_SHORT,1.0,16725.0,,
2026-07-28 22:25:00,SA_IDX,CLOSE_LONG,,,-1200.0,263.28
2026-07-28 22:25:00,FG_IDX,CLOSE_LONG,,,-1040.0,283.01
2026-07-28 22:25:00,Y_IDX,CLOSE_LONG,,,400.0,48.425
2026-07-28 22:25:00,TA_IDX,CLOSE_SHORT,,,400.0,93.512
2026-07-28 22:25:00,RU_IDX,CLOSE_SHORT,,,3500.0,63.1
2026-07-28 22:25:00,RU_IDX,OPEN_LONG,1.0,16375.0,,
2026-07-28 22:25:00,J_IDX,OPEN_LONG,1.0,1823.0,,
2026-07-28 22:25:00,JM_IDX,OPEN_LONG,3.0,1240.5,,
2026-07-28 22:25:00,HC_IDX,OPEN_SHORT,7.0,3283.0,,
2026-07-29 10:10:00,RU_IDX,CLOSE_LONG,,,250.0,63.120000000000005
2026-07-29 10:10:00,J_IDX,CLOSE_LONG,,,2300.0,77.69
2026-07-29 10:10:00,JM_IDX,CLOSE_LONG,,,2250.0,123.83099999999999
2026-07-29 10:10:00,HC_IDX,CLOSE_SHORT,,,-910.0,93.072
2026-07-29 10:10:00,AG_IDX,OPEN_LONG,1.0,14093.0,,
2026-07-29 10:10:00,TA_IDX,OPEN_LONG,8.0,5722.0,,
2026-07-29 10:10:00,CF_IDX,OPEN_SHORT,2.0,15860.0,,
2026-07-29 10:10:00,Y_IDX,OPEN_SHORT,2.0,8424.0,,
2026-07-29 10:10:00,FG_IDX,OPEN_SHORT,13.0,889.0,,
2026-07-30 22:10:00,AG_IDX,CLOSE_LONG,,,-1710.0,25.484250000000003
2026-07-30 22:10:00,TA_IDX,CLOSE_LONG,,,3040.0,93.9152
2026-07-30 22:10:00,I_IDX,CLOSE_SHORT,,,8250.0,171.495
2026-07-30 22:10:00,Y_IDX,CLOSE_SHORT,,,-100.0,48.429
2026-07-30 22:10:00,JM_IDX,OPEN_LONG,3.0,1202.5,,
2026-07-30 22:10:00,I_IDX,OPEN_LONG,3.0,716.5,,
2026-07-30 22:10:00,AG_IDX,OPEN_SHORT,1.0,13979.0,,
2026-07-30 22:10:00,P_IDX,OPEN_SHORT,2.0,9362.0,,
2026-07-31 00:00:00,AG_IDX,STOP_LOSS_SHORT,,,-5325.0,25.750500000000002
2026-07-31 21:10:00,JM_IDX,STOP_LOSS_LONG,,,-4590.0,121.779
2026-07-31 21:25:00,I_IDX,STOP_LOSS_LONG,,,-2250.0,171.27
2026-08-01 09:15:00,CF_IDX,STOP_LOSS_SHORT,,,-1950.0,59.633
2026-08-01 09:15:00,FG_IDX,STOP_LOSS_SHORT,,,-4160.0,283.53
2026-08-01 09:15:00,P_IDX,STOP_LOSS_SHORT,,,-2680.0,49.496
2026-08-03 21:40:00,SA_IDX,OPEN_LONG,12.0,920.0,,
2026-08-03 21:40:00,JM_IDX,OPEN_LONG,3.0,1187.0,,
2026-08-03 21:40:00,P_IDX,OPEN_LONG,2.0,9244.0,,
2026-08-03 21:40:00,CF_IDX,OPEN_LONG,2.0,15690.0,,
2026-08-03 21:40:00,AL_IDX,OPEN_SHORT,1.0,23580.0,,
2026-08-03 21:40:00,AG_IDX,OPEN_SHORT,1.0,13997.0,,
2026-08-03 21:40:00,Y_IDX,OPEN_SHORT,2.0,8386.0,,
2026-08-04 02:30:00,AG_IDX,STOP_LOSS_SHORT,,,-2520.0,25.62375
2026-08-04 09:55:00,AL_IDX,STOP_LOSS_SHORT,,,-1300.0,28.576
2026-08-04 09:55:00,SA_IDX,CLOSE_LONG,,,1200.0,262.2
2026-08-04 09:55:00,JM_IDX,CLOSE_LONG,,,2070.0,122.3595
2026-08-04 09:55:00,P_IDX,CLOSE_LONG,,,1720.0,49.33
2026-08-04 09:55:00,CF_IDX,CLOSE_LONG,,,1400.0,59.498000000000005
2026-08-04 09:55:00,Y_IDX,CLOSE_SHORT,,,-1360.0,48.454
2026-08-04 09:55:00,AL_IDX,OPEN_LONG,1.0,23840.0,,
2026-08-04 09:55:00,RU_IDX,OPEN_LONG,1.0,16730.0,,
2026-08-04 09:55:00,Y_IDX,OPEN_LONG,2.0,8454.0,,
2026-08-04 09:55:00,SR_IDX,OPEN_SHORT,4.0,5069.0,,
2026-08-04 09:55:00,RB_IDX,OPEN_SHORT,7.0,2989.0,,
2026-08-04 09:55:00,J_IDX,OPEN_SHORT,1.0,1761.5,,
2026-08-04 09:55:00,I_IDX,OPEN_SHORT,3.0,703.0,,
2026-08-05 09:55:00,J_IDX,STOP_LOSS_SHORT,,,-2000.0,76.7225
2026-08-05 21:10:00,I_IDX,STOP_LOSS_SHORT,,,-2700.0,171.36
2026-08-05 21:55:00,AL_IDX,CLOSE_LONG,,,-100.0,28.573
2026-08-05 21:55:00,Y_IDX,CLOSE_LONG,,,-700.0,48.419
2026-08-05 21:55:00,SR_IDX,CLOSE_SHORT,,,-1880.0,50.232
2026-08-05 21:55:00,RB_IDX,CLOSE_SHORT,,,-1470.0,91.07
2026-08-05 21:55:00,ZN_IDX,OPEN_LONG,1.0,25595.0,,
2026-08-05 21:55:00,CF_IDX,OPEN_LONG,2.0,16130.0,,
2026-08-05 21:55:00,FG_IDX,OPEN_SHORT,13.0,888.0,,
2026-08-05 21:55:00,Y_IDX,OPEN_SHORT,2.0,8419.0,,
2026-08-05 21:55:00,M_IDX,OPEN_SHORT,7.0,3115.0,,
2026-08-05 21:55:00,J_IDX,OPEN_SHORT,1.0,1792.0,,
2026-08-06 10:10:00,J_IDX,STOP_LOSS_SHORT,,,-2150.0,77.2025
2026-08-06 10:10:00,ZN_IDX,CLOSE_LONG,,,425.0,28.852
2026-08-06 10:10:00,FG_IDX,CLOSE_SHORT,,,780.0,283.01
2026-08-06 10:10:00,Y_IDX,CLOSE_SHORT,,,160.0,48.411
2026-08-06 10:10:00,MA_IDX,OPEN_LONG,9.0,2468.0,,
2026-08-06 10:10:00,AG_IDX,OPEN_SHORT,1.0,15295.0,,
2026-08-07 10:10:00,M_IDX,STOP_LOSS_SHORT,,,-2240.0,81.0145
2026-08-07 11:10:00,RU_IDX,CLOSE_LONG,,,11200.0,64.28
2026-08-07 11:10:00,MA_IDX,CLOSE_LONG,,,3150.0,108.0216
2026-08-07 11:10:00,AG_IDX,CLOSE_SHORT,,,229425.0,15.0
2026-08-07 11:10:00,AL_IDX,OPEN_LONG,2.0,24050.0,,
2026-08-07 11:10:00,SR_IDX,OPEN_LONG,5.0,5172.0,,
2026-08-07 11:10:00,JM_IDX,OPEN_LONG,3.0,1255.0,,
2026-08-07 11:10:00,SA_IDX,OPEN_SHORT,13.0,938.0,,
2026-08-07 11:10:00,RB_IDX,OPEN_SHORT,8.0,3005.0,,
2026-08-07 11:10:00,ZN_IDX,OPEN_SHORT,2.0,25935.0,,
2026-08-07 11:10:00,Y_IDX,OPEN_SHORT,3.0,8426.0,,
2026-08-07 21:40:00,SA_IDX,STOP_LOSS_SHORT,,,-4420.0,284.83
2026-08-07 21:40:00,CF_IDX,CLOSE_LONG,,,1150.0,59.747
2026-08-07 21:40:00,AL_IDX,CLOSE_LONG,,,-400.0,57.203
2026-08-07 21:40:00,ZN_IDX,CLOSE_SHORT,,,3350.0,57.68
2026-08-07 21:40:00,SA_IDX,OPEN_LONG,13.0,955.0,,
2026-08-07 21:40:00,AG_IDX,OPEN_SHORT,1.0,15081.0,,
2026-08-07 22:00:00,AG_IDX,STOP_LOSS_SHORT,,,-7710.0,26.69625
