run_id,symbol,raw_rows,start_time,end_time,zero_volume_fraction,time_gap_boundaries,zero_volume_boundaries,price_jump_boundaries,segment_count,status,reason,aggregated_15m_rows,partial_15m_windows
19a049051588462383752cc80c8525c9,AD_IDX,18329,2025-10-16T21:05:00,2026-08-13T15:00:00,0.00027279175077745646,981,10,0,992,INCLUDED,,5992,244
19a049051588462383752cc80c8525c9,AG_IDX,11237,2026-04-28T14:50:00,2026-08-13T23:15:00,0.0,346,0,33,358,INCLUDED,,3490,498
19a049051588462383752cc80c8525c9,AL_IDX,18665,2025-10-16T21:05:00,2026-08-13T23:15:00,0.00032145727297080095,811,12,1,820,INCLUDED,,6215,14
19a049051588462383752cc80c8525c9,AO_IDX,18546,2025-10-16T21:05:00,2026-08-13T15:00:00,0.0,802,0,0,803,INCLUDED,,6182,0
19a049051588462383752cc80c8525c9,AP_IDX,9090,2025-10-16T09:05:00,2026-08-12T15:00:00,0.0,605,0,0,606,INCLUDED,,3030,0
19a049051588462383752cc80c8525c9,AU_IDX,28271,2025-10-16T21:05:00,2026-08-13T23:15:00,0.0,932,0,30,944,INCLUDED,,9196,437
19a049051588462383752cc80c8525c9,A_IDX,13818,2025-10-16T21:05:00,2026-08-13T15:00:00,0.0,802,0,0,803,INCLUDED,,4606,0
19a049051588462383752cc80c8525c9,BB_IDX,7245,2025-10-16T09:05:00,2026-08-11T15:00:00,0.8379572118702554,482,6705,0,6776,EXCLUDED,ZERO_VOLUME_FRACTION,0,0
19a049051588462383752cc80c8525c9,BC_IDX,18545,2025-10-16T21:05:00,2026-08-13T15:00:00,0.0001617686708007549,803,5,0,809,INCLUDED,,6179,7
19a049051588462383752cc80c8525c9,BR_IDX,13818,2025-10-16T21:05:00,2026-08-13T15:00:00,0.0,802,0,12,803,INCLUDED,,4606,0
19a049051588462383752cc80c8525c9,BU_IDX,13818,2025-10-16T21:05:00,2026-08-13T15:00:00,0.0,802,0,10,803,INCLUDED,,4606,0
19a049051588462383752cc80c8525c9,BZ_IDX,13818,2025-10-16T21:05:00,2026-08-13T15:00:00,0.0005065856129685917,802,13,14,816,INCLUDED,,4600,15
19a049051588462383752cc80c8525c9,B_IDX,13818,2025-10-16T21:05:00,2026-08-13T15:00:00,0.0,802,0,1,803,INCLUDED,,4606,0
19a049051588462383752cc80c8525c9,CF_IDX,13977,2025-10-16T21:05:00,2026-08-13T23:00:00,0.00014309222293768333,812,4,1,817,INCLUDED,,4657,4
19a049051588462383752cc80c8525c9,CJ_IDX,9090,2025-10-16T09:05:00,2026-08-12T15:00:00,0.0,605,0,0,606,INCLUDED,,3030,0
19a049051588462383752cc80c8525c9,CS_IDX,13818,2025-10-16T21:05:00,2026-08-13T15:00:00,0.0,802,0,0,803,INCLUDED,,4606,0
19a049051588462383752cc80c8525c9,CU_IDX,25356,2025-10-16T21:05:00,2026-08-13T23:15:00,0.0,1022,0,2,1023,INCLUDED,,8127,628
19a049051588462383752cc80c8525c9,CY_IDX,13812,2025-10-16T21:05:00,2026-08-13T15:00:00,0.0,808,0,0,809,INCLUDED,,4600,9
19a049051588462383752cc80c8525c9,C_IDX,20305,2025-10-16T21:05:00,2026-08-13T15:00:00,0.0,1178,0,0,1179,INCLUDED,,6363,840
19a049051588462383752cc80c8525c9,EB_IDX,13818,2025-10-16T21:05:00,2026-08-13T15:00:00,0.0,802,0,12,803,INCLUDED,,4606,0
19a049051588462383752cc80c8525c9,EC_IDX,9090,2025-10-16T09:05:00,2026-08-12T15:00:00,0.0,605,0,42,616,INCLUDED,,3024,13
19a049051588462383752cc80c8525c9,EG_IDX,13818,2025-10-16T21:05:00,2026-08-13T15:00:00,0.0,802,0,14,803,INCLUDED,,4606,0
19a049051588462383752cc80c8525c9,FB_IDX,9090,2025-10-16T09:05:00,2026-08-12T15:00:00,0.09350935093509351,605,1445,0,2012,INCLUDED,,2399,1617
19a049051588462383752cc80c8525c9,FG_IDX,13977,2025-10-16T21:05:00,2026-08-13T23:00:00,0.0,812,0,6,814,INCLUDED,,4659,0
19a049051588462383752cc80c8525c9,FU_IDX,13818,2025-10-16T21:05:00,2026-08-13T15:00:00,0.0,802,0,37,804,INCLUDED,,4605,2
19a049051588462383752cc80c8525c9,HC_IDX,13977,2025-10-16T21:05:00,2026-08-13T23:00:00,0.0005008227802818917,812,14,0,821,INCLUDED,,4652,14
19a049051588462383752cc80c8525c9,IC_IDX,9696,2025-10-16T09:35:00,2026-08-12T15:00:00,0.0,403,0,4,404,INCLUDED,,3232,0
19a049051588462383752cc80c8525c9,IF_IDX,9696,2025-10-16T09:35:00,2026-08-12T15:00:00,0.0,403,0,0,404,INCLUDED,,3232,0
19a049051588462383752cc80c8525c9,IH_IDX,9696,2025-10-16T09:35:00,2026-08-12T15:00:00,0.0,403,0,0,404,INCLUDED,,3232,0
19a049051588462383752cc80c8525c9,IM_IDX,9696,2025-10-16T09:35:00,2026-08-12T15:00:00,0.0,403,0,3,404,INCLUDED,,3232,0
19a049051588462383752cc80c8525c9,I_IDX,20413,2025-10-16T21:05:00,2026-08-13T23:00:00,0.0,1185,0,12,1188,INCLUDED,,6399,841
19a049051588462383752cc80c8525c9,JD_IDX,9090,2025-10-16T09:05:00,2026-08-12T15:00:00,0.0,605,0,0,606,INCLUDED,,3030,0
19a049051588462383752cc80c8525c9,JM_IDX,20413,2025-10-16T21:05:00,2026-08-13T23:00:00,0.0,1185,0,229,1228,INCLUDED,,6360,919
19a049051588462383752cc80c8525c9,J_IDX,20413,2025-10-16T21:05:00,2026-08-13T23:00:00,0.0,1185,0,80,1202,INCLUDED,,6385,869
19a049051588462383752cc80c8525c9,L-F_IDX,12930,2025-10-30T21:05:00,2026-08-13T15:00:00,0.017092034029389018,837,365,10,1174,INCLUDED,,4087,529
19a049051588462383752cc80c8525c9,LC_IDX,17135,2025-10-16T09:05:00,2026-08-13T15:00:00,5.8360081704114384e-05,1142,2,133,1163,INCLUDED,,5165,1093
19a049051588462383752cc80c8525c9,LG_IDX,9090,2025-10-16T09:05:00,2026-08-12T15:00:00,0.0,605,0,0,606,INCLUDED,,3030,0
19a049051588462383752cc80c8525c9,LH_IDX,9090,2025-10-16T09:05:00,2026-08-12T15:00:00,0.0,605,0,0,606,INCLUDED,,3030,0
19a049051588462383752cc80c8525c9,LU_IDX,13818,2025-10-16T21:05:00,2026-08-13T15:00:00,0.0,802,0,39,803,INCLUDED,,4606,0
19a049051588462383752cc80c8525c9,L_IDX,13818,2025-10-16T21:05:00,2026-08-13T15:00:00,0.0,802,0,9,803,INCLUDED,,4606,0
19a049051588462383752cc80c8525c9,MA_IDX,20413,2025-10-16T21:05:00,2026-08-13T23:00:00,0.0,1185,0,138,1210,INCLUDED,,6377,885
19a049051588462383752cc80c8525c9,M_IDX,20413,2025-10-16T21:05:00,2026-08-13T23:00:00,0.0,1185,0,7,1187,INCLUDED,,6400,839
19a049051588462383752cc80c8525c9,NI_IDX,18546,2025-10-16T21:05:00,2026-08-13T15:00:00,0.0,802,0,1,803,INCLUDED,,6182,0
19a049051588462383752cc80c8525c9,NR_IDX,13818,2025-10-16T21:05:00,2026-08-13T15:00:00,0.0,802,0,0,803,INCLUDED,,4606,0
19a049051588462383752cc80c8525c9,OI_IDX,13818,2025-10-16T21:05:00,2026-08-13T15:00:00,0.0,802,0,1,803,INCLUDED,,4606,0
19a049051588462383752cc80c8525c9,OP_IDX,13528,2025-10-16T21:05:00,2026-08-13T15:00:00,0.03629509166173862,953,825,0,1759,INCLUDED,,4053,1116
19a049051588462383752cc80c8525c9,PB_IDX,18546,2025-10-16T21:05:00,2026-08-13T15:00:00,0.0,802,0,0,803,INCLUDED,,6182,0
19a049051588462383752cc80c8525c9,PD_IDX,7695,2025-11-28T09:05:00,2026-08-12T15:00:00,0.0011695906432748538,512,17,49,532,INCLUDED,,2556,20
19a049051588462383752cc80c8525c9,PF_IDX,13818,2025-10-16T21:05:00,2026-08-13T15:00:00,0.0,802,0,6,803,INCLUDED,,4606,0
19a049051588462383752cc80c8525c9,PG_IDX,13818,2025-10-16T21:05:00,2026-08-13T15:00:00,0.0,802,0,26,803,INCLUDED,,4606,0
19a049051588462383752cc80c8525c9,PK_IDX,9090,2025-10-16T09:05:00,2026-08-12T15:00:00,0.0,605,0,0,606,INCLUDED,,3030,0
19a049051588462383752cc80c8525c9,PL_IDX,13815,2025-10-16T21:05:00,2026-08-13T15:00:00,0.0010133912414042707,805,24,12,831,INCLUDED,,4590,37
19a049051588462383752cc80c8525c9,PP-F_IDX,12811,2025-10-30T21:05:00,2026-08-13T15:00:00,0.036843337756615406,938,815,10,1705,INCLUDED,,3791,1166
19a049051588462383752cc80c8525c9,PP_IDX,13818,2025-10-16T21:05:00,2026-08-13T15:00:00,0.0,802,0,10,803,INCLUDED,,4606,0
19a049051588462383752cc80c8525c9,PR_IDX,13818,2025-10-16T21:05:00,2026-08-13T15:00:00,0.0002894774931249095,802,7,7,810,INCLUDED,,4603,9
19a049051588462383752cc80c8525c9,PS_IDX,9090,2025-10-16T09:05:00,2026-08-12T15:00:00,0.00033003300330033004,605,6,7,613,INCLUDED,,3026,8
19a049051588462383752cc80c8525c9,PT_IDX,7695,2025-11-28T09:05:00,2026-08-12T15:00:00,0.0002599090318388564,512,4,48,522,INCLUDED,,2560,10
19a049051588462383752cc80c8525c9,PX_IDX,13818,2025-10-16T21:05:00,2026-08-13T15:00:00,0.0,802,0,12,803,INCLUDED,,4606,0
19a049051588462383752cc80c8525c9,P_IDX,13977,2025-10-16T21:05:00,2026-08-13T23:00:00,0.0,812,0,4,813,INCLUDED,,4659,0
19a049051588462383752cc80c8525c9,RB_IDX,20413,2025-10-16T21:05:00,2026-08-13T23:00:00,0.00034291872826140203,1185,14,0,1193,INCLUDED,,6394,851
19a049051588462383752cc80c8525c9,RM_IDX,13818,2025-10-16T21:05:00,2026-08-13T15:00:00,0.0,802,0,0,803,INCLUDED,,4606,0
19a049051588462383752cc80c8525c9,RR_IDX,13162,2025-10-16T21:05:00,2026-08-13T15:00:00,0.08213037532289925,1220,1811,0,3002,INCLUDED,,3340,2584
19a049051588462383752cc80c8525c9,RS_IDX,7695,2025-10-16T09:05:00,2026-08-11T15:00:00,0.6361273554256011,512,6041,4,6170,EXCLUDED,ZERO_VOLUME_FRACTION,0,0
19a049051588462383752cc80c8525c9,RU_IDX,13977,2025-10-16T21:05:00,2026-08-13T23:00:00,0.00035773055734420833,812,10,1,818,INCLUDED,,4654,10
19a049051588462383752cc80c8525c9,SA_IDX,20413,2025-10-16T21:05:00,2026-08-13T23:00:00,0.0,1185,0,93,1204,INCLUDED,,6384,871
19a049051588462383752cc80c8525c9,SC_IDX,28268,2025-10-16T21:05:00,2026-08-13T23:15:00,3.537568982595161e-05,931,2,175,999,INCLUDED,,9141,545
19a049051588462383752cc80c8525c9,SF_IDX,9090,2025-10-16T09:05:00,2026-08-12T15:00:00,0.0,605,0,1,606,INCLUDED,,3030,0
19a049051588462383752cc80c8525c9,SH_IDX,13818,2025-10-16T21:05:00,2026-08-13T15:00:00,0.0,802,0,4,803,INCLUDED,,4606,0
19a049051588462383752cc80c8525c9,SI_IDX,9135,2025-10-16T09:05:00,2026-08-13T15:00:00,0.0,608,0,0,609,INCLUDED,,3045,0
19a049051588462383752cc80c8525c9,SM_IDX,9090,2025-10-16T09:05:00,2026-08-12T15:00:00,0.0,605,0,0,606,INCLUDED,,3030,0
19a049051588462383752cc80c8525c9,SN_IDX,25356,2025-10-16T21:05:00,2026-08-13T23:15:00,0.0,1022,0,48,1030,INCLUDED,,8120,642
19a049051588462383752cc80c8525c9,SP_IDX,13818,2025-10-16T21:05:00,2026-08-13T15:00:00,0.0,802,0,0,803,INCLUDED,,4606,0
19a049051588462383752cc80c8525c9,SR_IDX,13977,2025-10-16T21:05:00,2026-08-13T23:00:00,0.0,812,0,0,813,INCLUDED,,4659,0
19a049051588462383752cc80c8525c9,SS_IDX,18546,2025-10-16T21:05:00,2026-08-13T15:00:00,0.0,802,0,0,803,INCLUDED,,6182,0
19a049051588462383752cc80c8525c9,TA_IDX,20413,2025-10-16T21:05:00,2026-08-13T23:00:00,0.0,1185,0,116,1206,INCLUDED,,6381,877
19a049051588462383752cc80c8525c9,TF_IDX,10302,2025-10-16T09:35:00,2026-08-12T15:15:00,0.0,403,0,0,404,INCLUDED,,3434,0
19a049051588462383752cc80c8525c9,TL_IDX,10302,2025-10-16T09:35:00,2026-08-12T15:15:00,0.0,403,0,0,404,INCLUDED,,3434,0
19a049051588462383752cc80c8525c9,TS_IDX,10302,2025-10-16T09:35:00,2026-08-12T15:15:00,0.0,403,0,0,404,INCLUDED,,3434,0
19a049051588462383752cc80c8525c9,T_IDX,10302,2025-10-16T09:35:00,2026-08-12T15:15:00,0.0,403,0,0,404,INCLUDED,,3434,0
19a049051588462383752cc80c8525c9,UR_IDX,9090,2025-10-16T09:05:00,2026-08-12T15:00:00,0.0,605,0,3,606,INCLUDED,,3030,0
19a049051588462383752cc80c8525c9,V-F_IDX,12966,2025-10-30T21:05:00,2026-08-13T15:00:00,0.018124325158105817,874,417,4,1268,INCLUDED,,4058,627
19a049051588462383752cc80c8525c9,V_IDX,13818,2025-10-16T21:05:00,2026-08-13T15:00:00,0.0,802,0,3,803,INCLUDED,,4606,0
19a049051588462383752cc80c8525c9,WR_IDX,9045,2025-10-16T09:05:00,2026-08-12T15:00:00,0.5409618573797679,602,6512,0,6707,EXCLUDED,ZERO_VOLUME_FRACTION,0,0
19a049051588462383752cc80c8525c9,Y_IDX,13977,2025-10-16T21:05:00,2026-08-13T23:00:00,0.0,812,0,1,813,INCLUDED,,4659,0
19a049051588462383752cc80c8525c9,ZN_IDX,18665,2025-10-16T21:05:00,2026-08-13T23:15:00,0.00021430484864720065,811,8,0,816,INCLUDED,,6217,10
