run_id,symbol,raw_rows,start_time,end_time,zero_volume_fraction,segment_count,status,reason
45d4df191d114c01a278682b3125d83e,AD_IDX,6015,2025-10-16T21:15:00,2026-08-13T15:00:00,0.0,923,INCLUDED,
45d4df191d114c01a278682b3125d83e,AG_IDX,3718,2026-04-28T15:00:00,2026-08-13T23:15:00,0.0,358,INCLUDED,
45d4df191d114c01a278682b3125d83e,AL_IDX,6221,2025-10-16T21:15:00,2026-08-13T23:15:00,0.0,811,INCLUDED,
45d4df191d114c01a278682b3125d83e,AO_IDX,6182,2025-10-16T21:15:00,2026-08-13T15:00:00,0.0,803,INCLUDED,
45d4df191d114c01a278682b3125d83e,AP_IDX,3030,2025-10-16T09:15:00,2026-08-12T15:00:00,0.0,606,INCLUDED,
45d4df191d114c01a278682b3125d83e,AU_IDX,9385,2025-10-16T21:15:00,2026-08-13T23:15:00,0.0,942,INCLUDED,
45d4df191d114c01a278682b3125d83e,A_IDX,4606,2025-10-16T21:15:00,2026-08-13T15:00:00,0.0,803,INCLUDED,
45d4df191d114c01a278682b3125d83e,BB_IDX,2415,2025-10-16T09:15:00,2026-08-11T15:00:00,0.6749482401656315,2120,EXCLUDED,ZERO_VOLUME_FRACTION
45d4df191d114c01a278682b3125d83e,BC_IDX,6181,2025-10-16T21:15:00,2026-08-13T15:00:00,0.0,805,INCLUDED,
45d4df191d114c01a278682b3125d83e,BR_IDX,4606,2025-10-16T21:15:00,2026-08-13T15:00:00,0.0,803,INCLUDED,
45d4df191d114c01a278682b3125d83e,BU_IDX,4606,2025-10-16T21:15:00,2026-08-13T15:00:00,0.0,803,INCLUDED,
45d4df191d114c01a278682b3125d83e,BZ_IDX,4606,2025-10-16T21:15:00,2026-08-13T15:00:00,0.0,805,INCLUDED,
45d4df191d114c01a278682b3125d83e,B_IDX,4606,2025-10-16T21:15:00,2026-08-13T15:00:00,0.0,803,INCLUDED,
45d4df191d114c01a278682b3125d83e,CF_IDX,4659,2025-10-16T21:15:00,2026-08-13T23:00:00,0.0,813,INCLUDED,
45d4df191d114c01a278682b3125d83e,CJ_IDX,3030,2025-10-16T09:15:00,2026-08-12T15:00:00,0.0,606,INCLUDED,
45d4df191d114c01a278682b3125d83e,CS_IDX,4606,2025-10-16T21:15:00,2026-08-13T15:00:00,0.0,803,INCLUDED,
45d4df191d114c01a278682b3125d83e,CU_IDX,8406,2025-10-16T21:15:00,2026-08-13T23:15:00,0.0,1022,INCLUDED,
45d4df191d114c01a278682b3125d83e,CY_IDX,4600,2025-10-16T21:15:00,2026-08-13T15:00:00,0.0,809,INCLUDED,
45d4df191d114c01a278682b3125d83e,C_IDX,6738,2025-10-16T21:15:00,2026-08-13T14:55:00,0.0,1179,INCLUDED,
45d4df191d114c01a278682b3125d83e,EB_IDX,4606,2025-10-16T21:15:00,2026-08-13T15:00:00,0.0,803,INCLUDED,
45d4df191d114c01a278682b3125d83e,EC_IDX,3030,2025-10-16T09:15:00,2026-08-12T15:00:00,0.0,617,INCLUDED,
45d4df191d114c01a278682b3125d83e,EG_IDX,4606,2025-10-16T21:15:00,2026-08-13T15:00:00,0.0,804,INCLUDED,
45d4df191d114c01a278682b3125d83e,FB_IDX,3030,2025-10-16T09:15:00,2026-08-12T15:00:00,0.009240924092409241,657,INCLUDED,
45d4df191d114c01a278682b3125d83e,FG_IDX,4659,2025-10-16T21:15:00,2026-08-13T23:00:00,0.0,814,INCLUDED,
45d4df191d114c01a278682b3125d83e,FU_IDX,4606,2025-10-16T21:15:00,2026-08-13T15:00:00,0.0,808,INCLUDED,
45d4df191d114c01a278682b3125d83e,HC_IDX,4659,2025-10-16T21:15:00,2026-08-13T23:00:00,0.0,813,INCLUDED,
45d4df191d114c01a278682b3125d83e,IC_IDX,3232,2025-10-16T09:45:00,2026-08-12T15:00:00,0.0,404,INCLUDED,
45d4df191d114c01a278682b3125d83e,IF_IDX,3232,2025-10-16T09:45:00,2026-08-12T15:00:00,0.0,404,INCLUDED,
45d4df191d114c01a278682b3125d83e,IH_IDX,3232,2025-10-16T09:45:00,2026-08-12T15:00:00,0.0,404,INCLUDED,
45d4df191d114c01a278682b3125d83e,IM_IDX,3232,2025-10-16T09:45:00,2026-08-12T15:00:00,0.0,404,INCLUDED,
45d4df191d114c01a278682b3125d83e,I_IDX,6773,2025-10-16T21:15:00,2026-08-13T23:00:00,0.0,1186,INCLUDED,
45d4df191d114c01a278682b3125d83e,JD_IDX,3030,2025-10-16T09:15:00,2026-08-12T15:00:00,0.0,606,INCLUDED,
45d4df191d114c01a278682b3125d83e,JM_IDX,6773,2025-10-16T21:15:00,2026-08-13T23:00:00,0.0,1188,INCLUDED,
45d4df191d114c01a278682b3125d83e,J_IDX,6773,2025-10-16T21:15:00,2026-08-13T23:00:00,0.0,1186,INCLUDED,
45d4df191d114c01a278682b3125d83e,L-F_IDX,4255,2025-10-30T21:15:00,2026-08-13T15:00:00,0.0035252643948296123,827,INCLUDED,
45d4df191d114c01a278682b3125d83e,LC_IDX,5711,2025-10-16T09:15:00,2026-08-13T15:00:00,0.0,1184,INCLUDED,
45d4df191d114c01a278682b3125d83e,LG_IDX,3030,2025-10-16T09:15:00,2026-08-12T15:00:00,0.0,606,INCLUDED,
45d4df191d114c01a278682b3125d83e,LH_IDX,3030,2025-10-16T09:15:00,2026-08-12T15:00:00,0.0,606,INCLUDED,
45d4df191d114c01a278682b3125d83e,LU_IDX,4606,2025-10-16T21:15:00,2026-08-13T15:00:00,0.0,804,INCLUDED,
45d4df191d114c01a278682b3125d83e,L_IDX,4606,2025-10-16T21:15:00,2026-08-13T15:00:00,0.0,803,INCLUDED,
45d4df191d114c01a278682b3125d83e,MA_IDX,6773,2025-10-16T21:15:00,2026-08-13T23:00:00,0.0,1188,INCLUDED,
45d4df191d114c01a278682b3125d83e,M_IDX,6773,2025-10-16T21:15:00,2026-08-13T23:00:00,0.0,1186,INCLUDED,
45d4df191d114c01a278682b3125d83e,NI_IDX,6182,2025-10-16T21:15:00,2026-08-13T15:00:00,0.0,806,INCLUDED,
45d4df191d114c01a278682b3125d83e,NR_IDX,4606,2025-10-16T21:15:00,2026-08-13T15:00:00,0.0,803,INCLUDED,
45d4df191d114c01a278682b3125d83e,OI_IDX,4606,2025-10-16T21:15:00,2026-08-13T15:00:00,0.0,803,INCLUDED,
45d4df191d114c01a278682b3125d83e,OP_IDX,4430,2025-10-16T21:15:00,2026-08-13T15:00:00,0.005191873589164785,917,INCLUDED,
45d4df191d114c01a278682b3125d83e,PB_IDX,6182,2025-10-16T21:15:00,2026-08-13T15:00:00,0.0,803,INCLUDED,
45d4df191d114c01a278682b3125d83e,PD_IDX,2565,2025-11-28T09:15:00,2026-08-12T15:00:00,0.0,521,INCLUDED,
45d4df191d114c01a278682b3125d83e,PF_IDX,4606,2025-10-16T21:15:00,2026-08-13T15:00:00,0.0,803,INCLUDED,
45d4df191d114c01a278682b3125d83e,PG_IDX,4606,2025-10-16T21:15:00,2026-08-13T15:00:00,0.0,807,INCLUDED,
45d4df191d114c01a278682b3125d83e,PK_IDX,3030,2025-10-16T09:15:00,2026-08-12T15:00:00,0.0,606,INCLUDED,
45d4df191d114c01a278682b3125d83e,PL_IDX,4603,2025-10-16T21:15:00,2026-08-13T15:00:00,0.0,807,INCLUDED,
45d4df191d114c01a278682b3125d83e,PP-F_IDX,4177,2025-10-30T21:15:00,2026-08-13T15:00:00,0.0028728752693320567,857,INCLUDED,
45d4df191d114c01a278682b3125d83e,PP_IDX,4606,2025-10-16T21:15:00,2026-08-13T15:00:00,0.0,803,INCLUDED,
45d4df191d114c01a278682b3125d83e,PR_IDX,4606,2025-10-16T21:15:00,2026-08-13T15:00:00,0.0,804,INCLUDED,
45d4df191d114c01a278682b3125d83e,PS_IDX,3030,2025-10-16T09:15:00,2026-08-12T15:00:00,0.0,612,INCLUDED,
45d4df191d114c01a278682b3125d83e,PT_IDX,2565,2025-11-28T09:15:00,2026-08-12T15:00:00,0.0,520,INCLUDED,
45d4df191d114c01a278682b3125d83e,PX_IDX,4606,2025-10-16T21:15:00,2026-08-13T15:00:00,0.0,804,INCLUDED,
45d4df191d114c01a278682b3125d83e,P_IDX,4659,2025-10-16T21:15:00,2026-08-13T23:00:00,0.0,813,INCLUDED,
45d4df191d114c01a278682b3125d83e,RB_IDX,6773,2025-10-16T21:15:00,2026-08-13T23:00:00,0.0,1186,INCLUDED,
45d4df191d114c01a278682b3125d83e,RM_IDX,4606,2025-10-16T21:15:00,2026-08-13T15:00:00,0.0,803,INCLUDED,
45d4df191d114c01a278682b3125d83e,RR_IDX,4185,2025-10-16T21:15:00,2026-08-13T15:00:00,0.01099163679808841,1058,INCLUDED,
45d4df191d114c01a278682b3125d83e,RS_IDX,2565,2025-10-16T09:15:00,2026-08-11T15:00:00,0.402729044834308,1674,INCLUDED,
45d4df191d114c01a278682b3125d83e,RU_IDX,4659,2025-10-16T21:15:00,2026-08-13T23:00:00,0.0,814,INCLUDED,
45d4df191d114c01a278682b3125d83e,SA_IDX,6773,2025-10-16T21:15:00,2026-08-13T23:00:00,0.0,1187,INCLUDED,
45d4df191d114c01a278682b3125d83e,SC_IDX,9384,2025-10-16T21:15:00,2026-08-13T23:15:00,0.0,1001,INCLUDED,
45d4df191d114c01a278682b3125d83e,SF_IDX,3030,2025-10-16T09:15:00,2026-08-12T15:00:00,0.0,606,INCLUDED,
45d4df191d114c01a278682b3125d83e,SH_IDX,4606,2025-10-16T21:15:00,2026-08-13T15:00:00,0.0,803,INCLUDED,
45d4df191d114c01a278682b3125d83e,SI_IDX,3045,2025-10-16T09:15:00,2026-08-13T15:00:00,0.0,609,INCLUDED,
45d4df191d114c01a278682b3125d83e,SM_IDX,3030,2025-10-16T09:15:00,2026-08-12T15:00:00,0.0,606,INCLUDED,
45d4df191d114c01a278682b3125d83e,SN_IDX,8406,2025-10-16T21:15:00,2026-08-13T23:15:00,0.0,1031,INCLUDED,
45d4df191d114c01a278682b3125d83e,SP_IDX,4606,2025-10-16T21:15:00,2026-08-13T15:00:00,0.0,803,INCLUDED,
45d4df191d114c01a278682b3125d83e,SR_IDX,4659,2025-10-16T21:15:00,2026-08-13T23:00:00,0.0,813,INCLUDED,
45d4df191d114c01a278682b3125d83e,SS_IDX,6182,2025-10-16T21:15:00,2026-08-13T15:00:00,0.0,803,INCLUDED,
45d4df191d114c01a278682b3125d83e,TA_IDX,6773,2025-10-16T21:15:00,2026-08-13T23:00:00,0.0,1189,INCLUDED,
45d4df191d114c01a278682b3125d83e,TF_IDX,3434,2025-10-16T09:45:00,2026-08-12T15:15:00,0.0,404,INCLUDED,
45d4df191d114c01a278682b3125d83e,TL_IDX,3434,2025-10-16T09:45:00,2026-08-12T15:15:00,0.0,404,INCLUDED,
45d4df191d114c01a278682b3125d83e,TS_IDX,3434,2025-10-16T09:45:00,2026-08-12T15:15:00,0.0,404,INCLUDED,
45d4df191d114c01a278682b3125d83e,T_IDX,3434,2025-10-16T09:45:00,2026-08-12T15:15:00,0.0,404,INCLUDED,
45d4df191d114c01a278682b3125d83e,UR_IDX,3030,2025-10-16T09:15:00,2026-08-12T15:00:00,0.0,606,INCLUDED,
45d4df191d114c01a278682b3125d83e,V-F_IDX,4263,2025-10-30T21:15:00,2026-08-13T15:00:00,0.0014074595355383533,842,INCLUDED,
45d4df191d114c01a278682b3125d83e,V_IDX,4606,2025-10-16T21:15:00,2026-08-13T15:00:00,0.0,803,INCLUDED,
45d4df191d114c01a278682b3125d83e,WR_IDX,3015,2025-10-16T09:15:00,2026-08-12T15:00:00,0.2474295190713101,1564,INCLUDED,
45d4df191d114c01a278682b3125d83e,Y_IDX,4659,2025-10-16T21:15:00,2026-08-13T23:00:00,0.0,813,INCLUDED,
45d4df191d114c01a278682b3125d83e,ZN_IDX,6221,2025-10-16T21:15:00,2026-08-13T23:15:00,0.0,810,INCLUDED,
